PlasticType,meltFlowIndex_Gramsper10Min,MoistureContent_Percentage,InjectionTemperature_Celcius,InjectionpPressure_Bar,MoldTemperature_Celcius,CoolingTime_Seconds,ScrewSpeed_RevolutionsPerMinute,ClampForce_Tons,CycleTime_Seconds,ScrapRate_Percentage
Polycarbonate,12.076048691663583,0.05031283408932008,284.89701109948555,15754.058522312349,82.03618895407472,23.843083763088032,43.63262409782383,98.39296327639971,29.282154247331903,2.362137524360867
Polypropylene,5.050744989650245,0.06227178955740749,215.01821043759668,11403.084072525826,82.1958589155156,26.953066141342976,55.31558534287125,95.7513819298902,47.84535540352599,9.253763234034317
Polycarbonate,18.26447404825528,0.03068224008007783,232.8401228499113,11582.727224374123,28.973628581997424,26.79148733622587,59.90208352439399,82.25469105741058,33.63852275209766,1.3333227882095198
Polycarbonate,7.009026039374742,0.02680958092507913,245.40839855112998,10624.451258614601,54.60417472872318,27.83122239224544,43.75865597253629,66.35992153172438,37.850855284381154,3.173038238266837
ABS,21.306438841503514,0.034051607358310886,318.3031400424257,15757.539121949001,66.28270239410486,25.83116995599877,64.67780775828376,95.7329521809194,31.09292948514455,2.80491013156856
ABS,24.268475738240564,0.09033371075182724,235.94845740158357,16064.05130989497,83.19358899638927,34.56706063446305,54.050127649440554,89.28560585847929,50.01547940979289,5.34813081954365
Polycarbonate,19.953489483918133,0.03692034985984509,289.07980646766026,12267.242548210092,97.43693777549012,26.51451372352754,62.98173708328708,87.97196581501461,34.471286802950495,0.9338968629890263
Polypropylene,13.167089055168903,0.0016280409403295342,272.06734475557283,19148.350502345285,76.46016816642397,20.845868447243994,23.863672875567392,110.15864181114141,25.987628275575542,0.0
ABS,22.439403823079893,0.09453480684034476,249.9232675116312,19155.50159941592,70.58914527240034,24.699288352640863,63.564337271994184,67.2423691448144,34.7360595089779,5.356532872686829
Polycarbonate,17.383613008291185,0.07633434744018325,243.91199508998756,18902.38921216467,71.3405310842757,24.52852931944163,68.73160545763132,103.5574184355574,33.906598809844205,4.236221043268946
ABS,28.705584429206876,0.060696470791608545,261.80521772349596,17129.604189906677,88.59937701062144,18.161276092695076,49.02072090928614,138.90187723299616,22.640411567762904,0.0
Polycarbonate,19.317384441647825,0.02819562951579871,234.69618310680562,15673.713690611403,85.67071057014672,22.037409567766986,55.64594094666981,83.60088323282712,30.404576395129645,0.0
ABS,9.354429485327511,0.0989034713295583,228.81096273026355,17731.587235992236,101.6290967687985,23.137671353421318,51.704915209415034,115.89491450443687,39.01906756915569,8.762530725044616
Polycarbonate,7.304844638456943,0.0431464029816809,235.76184893976736,10222.136182365395,84.7069549957362,33.63883545184525,57.82216692228087,96.33842740777644,50.409884002373126,5.423311320962497
ABS,6.710479602321207,0.07444142114882489,235.00468102364658,16159.229883757514,113.54182273581782,38.464296879143234,58.66821955988351,125.82448721758726,61.75934719954992,9.034667757317584
Polycarbonate,27.966237878254198,0.028448498701057107,222.73696514005135,12615.745661242163,111.18173224026056,18.12065296889262,49.406864594589464,119.7841477350619,22.73369630607291,0.0
Polypropylene,21.429722252119948,0.06609979677798677,263.543276756657,12646.584632482478,66.71004867084696,34.78657850113793,43.13769680109393,52.22294451020856,53.18412020203903,4.666376433346059
Polycarbonate,15.293860351306344,0.014785611286834036,249.41041159669408,13868.013122103204,63.23461348160255,17.668196134759675,51.728394652552325,122.55293635818174,18.098082950751678,0.0
Polycarbonate,16.187930435931506,0.07038416808736705,243.7212646740984,11669.605910178574,82.84382874759285,24.32528828111359,37.06854777926363,95.06746455162238,34.35987349876503,2.9628924630857525
ABS,18.41734642509817,0.03597029004024688,262.84846778686125,13522.214684371007,85.78285088702648,15.251382747945243,55.287281866688545,83.55082128465472,21.921713329018015,0.0
Polypropylene,16.064099079996414,0.07193689382062628,241.95798625723833,15507.128186105087,60.23316982768484,27.611871378314127,51.39289754524124,95.18233928296478,38.69232219148682,5.3481880367822034
ABS,26.973982664933747,0.06621005727703802,213.934401151423,14480.247263067798,102.0612308670722,18.694337757110226,57.317000173696975,110.21295549296477,30.247272018840036,0.3478494708278245
ABS,6.9287693554984084,0.05486289178169159,246.3159784096142,14575.11383273093,82.69656595626073,24.633200998020705,50.18624340642574,86.91480806879795,35.95451071776781,6.082734763149831
Polypropylene,20.37470332110299,0.05034190767475836,302.952961112397,17159.72295334126,63.196919873614924,14.29531762896655,53.70017632920944,82.59455319864514,19.155243534822684,1.551032550941958
Polycarbonate,13.885103183178217,0.08574055606513402,242.46599966263213,15222.544136916298,58.86434237211168,21.333990640532623,35.47980245604112,103.17032078029344,29.684065358196293,4.759233322002635
Polycarbonate,7.325773331649952,0.005482419833639672,225.89603903643123,15006.58413435239,101.43180876839534,16.42607530750898,65.72946104262697,91.71802592948116,21.256852711046847,0.0
Polypropylene,5.896668450488239,0.07954052316511626,237.02006137219706,13311.256022110185,73.74516160809607,31.85114827170041,49.263397989337605,117.41815843358084,50.3029387726875,9.711776742475747
Polycarbonate,23.1630792456782,0.04752270002341513,255.8580279350423,14116.302466118817,114.63595748975216,24.9970832262018,54.02453821269128,88.52399074411545,37.822156327874836,0.0
Polypropylene,10.031847219994335,0.026038176609669176,276.0486170617345,11820.926089429948,93.1372533957687,11.628762647851815,59.16463139114333,90.65268607268503,18.933682595671172,0.9691092889354532
ABS,11.856342665982945,0.06261692918338016,250.00596178858603,16004.625221981169,53.69238590461255,28.97150189855996,52.97961730165325,120.26772343560316,39.96870030683849,5.217533474591639
Polycarbonate,7.089437135009159,0.08715766064929381,260.0647389871844,19158.636258812345,63.53226599970717,29.420197532979493,50.62060462942962,58.42652592791229,43.45782968817161,8.59299288406091
Polycarbonate,16.367418313565786,0.09935126919448466,183.3135465351712,13554.240119065435,80.08155950170018,29.34380941263954,45.56499571543725,145.59138679135685,43.33534051544678,10.81338285275737
Polycarbonate,27.90433495702079,0.06033660351647155,246.23390705917024,15809.127066260498,63.864871682353474,24.082133609795953,51.97458618373382,112.36269231674663,29.08353710808865,0.0
Polycarbonate,8.299937405767592,0.03338803274815628,232.0296223295319,17686.144764337434,87.13361090915281,24.367874126343263,55.93993017820179,65.7637208733967,37.69403827731216,2.565747127394795
Polycarbonate,26.297528687984453,0.08255857450221558,250.15247196992675,15644.337402437324,97.46210332310439,23.632973593835978,51.10412174353445,73.34117351553783,32.7150080085209,1.2603422974297507
ABS,5.657403469754936,0.05443249894103455,265.71086619216703,17438.42967754161,107.7063374032323,19.567153953923423,53.76536426138497,73.0288061109428,30.42146235426055,4.216969087670532
Polycarbonate,10.163548487066198,0.06295515683188938,276.3196595700914,14446.728351397876,90.15192366399266,26.1676378397673,48.8305270461124,87.74086428573655,41.06162690538373,4.633987453699819
ABS,14.07670791292143,0.07351963109776166,284.88426810010805,18483.289596126408,54.794752578797656,24.649033198107503,47.91628061169659,90.83231188048325,33.927429337726196,4.838272009790073
Polycarbonate,15.450657403455132,0.011626332753801632,245.41057714279998,18309.236201972148,77.45204266451005,31.447884209142217,48.121647619148845,113.88491970193427,38.92146376792552,0.0
Polypropylene,17.291615277854156,0.005045822699596619,212.751548493408,11361.04394118172,108.97606323268033,30.90391341598246,48.0783044073012,85.85664016037916,45.37053395058931,0.0038676740826907863
Polypropylene,14.534474437941743,0.06631238380420812,277.1432009817436,17610.177859210762,72.02037479025276,28.816611363338048,38.699340777239655,107.26281595166238,40.598292918039824,4.881355719518925
ABS,22.955497049429766,0.08628835195053007,249.67880144789706,11425.748709312831,57.151055354317165,31.685215448558566,47.90923645170636,83.05974089514613,45.44621786969212,5.4630917639030585
ABS,24.7119255980475,0.08857634826445095,208.86398439473348,18116.54025278423,82.66958028623972,23.47436586427208,54.19329169734482,59.37318982867949,38.70404384218135,5.12868901979571
Polycarbonate,24.136222110653886,0.07917049349315258,254.4534649871588,14526.463983060816,68.17226458639193,28.35228135424013,54.002338919014754,106.4736075088083,36.80853782858471,2.5626837766080985
Polypropylene,24.257597522026355,0.07419174400029768,246.80059347104634,18045.96804886057,101.49714432597585,23.50888789974665,59.8662483847345,98.78538472234088,36.19926658807788,2.4353035826860925
Polycarbonate,6.343518964561036,0.04199431976618115,226.72156607258,15888.629776283993,55.56390741075139,22.89183813727408,36.15020035447391,105.4023250554451,30.35090912545663,3.350750395076329
Polycarbonate,24.42306133049118,0.059171271969140106,204.5550643423608,15404.253843799659,94.01818025428548,17.64973490548397,55.8419371182355,70.19027534682736,22.09143276926544,1.047660094357895
ABS,26.743536614189786,0.030690870149176423,241.02580028878137,16230.923795806313,54.41890889520435,24.05785397866139,38.484899061207564,98.65631905999908,25.545060163868165,0.0
Polycarbonate,17.886695804122937,0.060352002922617824,257.1424260755679,19976.48070674939,69.84231897596692,23.8767057837262,49.83350428155896,99.28177982432564,29.812777863736518,1.0592852594625113
Polypropylene,27.9296056219162,0.09455581732365392,225.14519211744545,15581.829848591744,54.120211821650116,23.284833324346483,51.17668009640123,106.51535923738243,34.73245556332031,3.994974180338962
Polycarbonate,14.921954312342576,0.03223915421830926,252.41219093799398,10447.784261346693,95.10703702494288,27.04633089820894,39.983492263768795,104.75723414497969,40.731198271345356,0.4217155256996975
Polypropylene,11.378319248949207,0.06056663750002767,238.911382335015,15439.343278413602,92.37186673007184,21.66856374885526,48.0218011494534,116.69281188551977,37.04372969523334,3.980415514775505
Polycarbonate,23.63799003168905,0.0904674904934089,240.10575109428945,16921.643386941487,70.7047414096989,21.67968496646993,33.079106242534664,118.23135604312009,29.39625963637948,1.569443390398188
Polycarbonate,12.418630031641479,0.07016543035077799,247.94243666494808,12522.840851394296,82.13614666367954,23.735223199069857,62.47748684680926,106.89387349453173,34.47959883868757,5.759978862223406
ABS,5.167123634463429,0.04471265394349024,284.8791862664824,10959.638182005903,68.27193025674856,31.186477579883814,58.68994339032044,96.92998875047522,46.42070453798502,6.992080080332686
ABS,11.854850349742886,0.030062538033643237,260.08623062531404,15514.971540520113,57.19724572530278,25.008937789150604,57.00386812673667,111.31720521687095,33.60392616598112,1.118597918979486
Polycarbonate,18.220149066808634,0.018637609842989136,261.9181731993355,10053.959161683622,64.75703906070706,32.299996144847526,52.10313875756044,76.62429169118536,41.679344572198964,0.0
Polycarbonate,27.78185895030251,0.09033272104295681,216.35269549215485,18458.463929785677,79.66466210050437,23.97523435243844,58.53617077393671,63.15724250735324,30.98324812700986,2.8236195791441814
Polycarbonate,16.594529852219885,0.0981499080950756,248.00311170410794,17937.723614492148,58.67282850258266,22.22255036202405,61.81516843481706,115.84018444413356,29.66410922060924,6.284058083475882
Polycarbonate,23.683828654272457,0.08218852372062549,288.5806689789063,17674.01124037073,79.76501852669367,22.099907707585633,47.884118394277166,54.77547349095863,27.70836678759515,2.376897585128779
Polycarbonate,12.799303306102203,0.059115458612241614,206.4880376266571,16702.543350556156,51.993644992098496,26.256126086234197,46.37448348543919,114.65711860569289,35.2088651021693,5.515374529560321
Polycarbonate,22.296589458769557,0.029115065850604548,263.35921583309914,13520.433818029078,53.39845293013671,28.93837436730494,53.824759896865096,85.35949018116719,36.81435216871298,0.0
Polypropylene,23.048523312279286,0.05854945441572705,248.3487785369993,13389.804788269283,82.6847761013449,22.39286386935079,54.39633592770256,119.31858968316864,31.56701888698055,0.9485846785277784
Polycarbonate,24.20913855177993,0.08264179509821067,246.5409046510872,19862.7440179916,99.0833349888969,14.599386490177487,53.70911439144314,89.09721277901357,20.74333370329498,0.0
Polycarbonate,20.046470550970344,0.0846954915376253,237.93211255519697,11951.256379113824,73.96470183555715,19.41856714916309,67.48885520738547,103.87119291643708,28.067773007014136,4.532198729593917
Polycarbonate,17.399902166050225,0.06844595660567006,194.03689214809316,13392.968659828515,86.01458376556758,26.7422552749495,73.61008014169964,80.729720889514,41.88388145084821,8.10569480308214
Polycarbonate,18.036076863561924,0.05679635279757253,241.96210401407828,11321.249450622054,84.95728281597462,21.249855176591293,49.4764402274806,136.29552162892475,29.166132793865597,0.5273140870684513
Polycarbonate,14.121746794987432,0.09016090298444283,219.69299901324442,17434.281166812936,76.88689849811504,27.490109508495824,40.015284411697756,57.37751006202026,40.50912645670597,7.405055382832786
Polycarbonate,23.692526322370327,0.02835383462325389,261.13519717958286,18680.89724647258,65.23168507713974,15.512154634840194,60.67535533682006,138.08373880573765,13.809417067318604,0.0
Polycarbonate,6.693419568601626,0.046706814359358216,280.2016608241834,17158.562998961006,53.7869712445636,21.436662310147238,54.3187428920702,98.89457486742464,28.771570809270433,3.869043942115395
Polycarbonate,18.46847515565063,0.03415385813857104,254.0065663758609,10109.476672144705,59.60166282513188,29.27065939111501,32.90460725269766,66.59735127467532,38.14879025549279,0.05717463609477807
Polycarbonate,20.840556616573753,0.03696759107539999,232.91686907263613,19367.107365737214,84.12859509231912,14.545173948707625,54.48591401180727,85.53546856889089,18.254139524666,0.0
ABS,15.858035169259969,0.06202774671019427,228.94104967160166,13969.734242068254,62.31406212934553,22.130593631024386,58.40757333682873,69.86970736313343,30.777940244678412,4.265321534506926
ABS,11.126101611967822,0.0909187066338978,261.65414046257354,11807.784839405042,70.78755941898632,20.29247061779717,49.53996191161374,76.38964785832609,35.395790699615006,7.689487384770719
Polypropylene,5.339802212909901,0.038396294848907504,253.74211790729828,16673.026573024636,85.04558266843415,25.667686385392578,61.333337609379754,70.10472167049959,40.15030451720853,6.056634473388048
ABS,5.110713982322058,0.08391533927616611,274.47011366933486,19098.172968786625,94.19805634436597,24.013483842364803,56.27814875469775,111.15548918789052,35.92905299934218,7.494224028360434
Polypropylene,16.174125873115386,0.03428545971264222,271.68194883380215,13094.737448182648,55.155589964323426,19.964433022618337,55.420471781286835,95.90853808110279,26.387324976867518,0.7895778586475062
Polycarbonate,11.870086606314585,0.07814832715303893,239.25346737722208,11552.648423940425,103.07217101557379,33.32126007859135,68.05906169685917,103.75641399245849,49.3075275745365,8.578815355631287
ABS,9.232626142464206,0.008419582654068305,206.15593866166705,15187.73022045632,113.12992922032014,28.65849836181505,37.265370629398134,95.18003367057015,44.09929242491422,1.4902765342727429
Polycarbonate,11.309130157793325,0.009881470190619485,237.14941827493917,16594.31948093496,59.09383272060513,18.102451473876435,51.61048647135773,87.76869967409753,21.0356541997985,0.0
Polycarbonate,22.93081602967141,0.05502193065487925,299.224764870611,17116.839502205403,83.34437276274743,24.413547601499136,43.86596496202368,103.50307775301906,27.806040165650895,0.017032088302641316
ABS,8.835364110141551,0.09012401032691719,259.56255552145853,15554.067934238146,54.71032821191916,30.753162638008366,43.498562398676555,115.2999160964009,47.99651464425916,8.403615252250741
Polycarbonate,12.207377509992158,0.09821902582255183,261.8763227108832,18873.548026673958,93.59562380585587,20.903861614968946,54.27144322978576,107.85402023190854,31.280628698079123,5.60206170168554
Polycarbonate,8.580422384107564,0.003767986819782302,233.11351219584148,10101.028107005724,90.30694229814068,22.59515318072129,48.88383740851437,105.26946805401094,32.00091102923321,0.0
Polycarbonate,21.737168158558617,0.06302261733174469,252.22754564291182,13075.671717731642,94.65289733654922,16.909618833977945,46.07602008686289,109.38148001226315,20.638701896423136,0.0
Polycarbonate,14.32751474607394,0.09671953048194964,255.330020153543,12860.928757927704,75.01878501213675,24.059568295706296,55.743498307323,87.97538052964573,35.44086651521918,6.3833167205431165
ABS,17.525559358968263,0.06629764000973999,248.22608338072382,13138.43253237207,83.23333545450862,23.799937923662252,44.53193105003056,145.1037683066302,34.73686426533419,2.004447916785455
Polycarbonate,27.352007892643144,0.025387946137746965,263.83963435778094,17765.726170746344,54.60226863363937,13.9714297623947,46.521492683682716,109.46278360906331,10.137005315293338,0.0
ABS,27.326646924005196,0.08925067772976344,236.36804332932064,10839.39699855071,99.64178430727436,23.28590122812824,36.41555124550212,110.54024297120827,35.76103109977133,1.5889595510644412
ABS,26.909638868893534,0.0983949117746766,274.4963754891023,14905.742377520888,97.24155265413927,22.12231240022587,34.572423177818735,109.68792968388938,30.28646411234386,2.4285102855958596
Polypropylene,19.078944183291537,0.07649869737867154,254.723771928006,19429.295305144835,83.06584957110188,26.69080624295416,48.19172405280645,96.86552210241862,38.54389068331225,3.7786327673068802
Polycarbonate,17.859190794697405,0.08390273344965837,278.20145199700164,14806.610967560304,71.24443806245074,19.816596924134384,62.67921124804947,118.52647717881176,27.80281396478004,5.005067423405704
Polycarbonate,17.687824793544642,0.029399217936850238,270.94206262919363,19978.657387941374,77.81188957837668,31.07559247932231,53.747511154543645,63.04228404973412,38.510204059442295,0.0
Polypropylene,8.311851106026495,0.012220279708127994,279.83165382412,17456.552944565832,60.76709892052517,21.273078851154942,56.52044056238532,120.26025803043962,27.49299772892645,0.35999975107619203
ABS,26.644691293049874,0.05366995049679174,285.12646399198223,14660.773640275445,60.648271284024844,28.589956232721082,43.77116262735586,101.40022404973419,35.43445899134634,0.3034844167257082
Polycarbonate,8.63892171701486,0.022654932812870655,238.46076323005303,15177.578500116115,52.31580426489603,18.741821366732037,38.4503764857613,114.64937685588832,23.650718483462203,0.0
Polycarbonate,8.3464677090275,0.013500582598903257,268.8423221843289,17203.49204946881,70.88809290520445,24.014487662882946,47.755140717446224,106.89570783450453,28.380029281578572,0.0
Polypropylene,23.697478491595934,0.01861106679496901,236.07457242502088,16100.646214574634,60.416797214555004,16.80189629367199,51.27528215682639,83.15888197640508,21.081801309166455,0.0
Polycarbonate,26.87026647054708,0.06578445459352543,264.88597841253727,12542.878239440906,52.84118186191047,31.909503867224807,41.87895729865873,79.36284983259802,40.44321834276491,1.0396829605529851
Polycarbonate,9.721506105455045,0.08204874688580413,247.55315769693235,11173.7849223032,123.8635032455787,28.155510622480943,43.09210404373556,54.28160041425631,50.54794153125882,7.253470584243585
Polycarbonate,20.832884549594674,0.030752175504731777,240.0826993853282,10805.942665030681,52.47970055139782,22.0902626716342,66.88638521417921,105.09758993737937,27.08792715853786,0.0
Polycarbonate,7.0800089151154335,0.04721610239259042,233.42623700399014,16504.817969545376,99.0845745744493,20.92354061927273,50.025583630059245,119.91852018820421,29.439985269372773,2.7171530620950173
Polycarbonate,9.455180530554726,0.07247559750260921,237.41078996382942,15285.718716458538,115.45327757930201,32.640332057061826,37.526510623490516,102.99238876748618,50.03909648522506,5.266807519008737
ABS,29.606580153644234,0.05814220258193716,232.7915974933032,13415.31555983504,54.80637147869236,20.692748348994044,58.646282873550895,73.29642893540603,27.176717937116855,0.0
Polypropylene,19.646214929875974,0.004132394599206384,243.79402578216852,18971.68497102234,76.04372755719966,27.207607672202347,48.87819146117587,89.80385631352098,35.46845974299105,0.0
Polypropylene,13.30120423356865,0.03598229074131425,262.7222902600241,18510.794718696554,77.98881178629672,27.510761687866044,46.43257787447508,108.65929609881842,35.68002373381062,1.6519405518327461
Polycarbonate,14.966988310828848,0.0033729212035823928,253.71689399199207,14492.56036332317,64.76445637072732,21.737316590493272,46.30398807099236,133.0201640082958,23.414403364543354,0.0
Polycarbonate,11.511646632864345,0.07103472177178177,208.75974183064278,17949.270676331675,41.085479942789725,24.395045983458093,78.27172807887794,80.0828481225649,33.30627369694184,8.74492631456579
Polycarbonate,17.220693937285432,0.020667083662211396,210.755201942082,12692.21040539162,62.79052477638838,31.357497693784463,38.05620995823453,72.65005278226869,42.302946952456516,1.094601033233136
Polycarbonate,26.461626724033408,0.03351231494495091,241.31597032297483,10318.824747762314,64.3434032294975,22.191945632867164,73.46987646626602,108.52328248524242,28.455493111087684,0.0
Polycarbonate,9.058040569894025,0.0743640486940612,204.51756289783307,12664.710820354388,84.04756309718606,19.298553934500212,53.01958108409468,125.12451868119939,31.48866545808238,6.99468432242015
Polycarbonate,20.176473957650604,0.017516383626243408,275.003407308637,15978.265075923517,61.560037296771455,33.867527335664406,40.037857723543624,105.64004444273505,40.215298339794224,0.0
ABS,6.32252521837656,0.0591848204963776,231.90636995837406,16067.385004480973,106.79772469884654,25.96530971354915,58.36087118206471,104.98054966879651,40.02097776536955,5.687610464972165
Polycarbonate,24.274191997773045,0.004105729434064832,216.61509390456132,12232.397691771033,106.6150991019785,22.056284395339844,35.61236159212566,89.56024273127437,29.85414967720327,0.0
ABS,6.114870342508512,0.055714517211641335,215.97419698709916,14195.572547442549,68.07178940453664,24.517871565165713,52.588928597331034,106.4984082364346,39.967620186409775,7.067524107742184
ABS,15.95319712183952,0.009863187899458392,249.86765670286314,15303.210186859422,92.69815389338606,31.001018944450646,45.79159190588169,119.59496469688244,40.95680629146711,0.0
Polypropylene,9.699270280171582,0.06827161862723792,231.17635686297686,13350.456694151602,50.40481396372315,18.589911761690754,26.735042742167426,100.9728904228958,29.605238374510055,5.312316856742846
Polypropylene,21.14993939505894,0.09479702007937565,227.4199328420655,18072.376032156237,74.39152668616074,34.494520933131525,49.993894589387324,91.91462207432437,52.9066318233544,7.578262615798385
Polycarbonate,15.655783367526533,0.02688125566233365,252.29242274913852,14313.824071741044,120.2498768570461,21.169082885911223,55.58789729492732,92.7007386025629,30.407208439966794,0.0
ABS,25.965532395633222,0.0815393909216359,200.62860490967583,13866.347272476201,88.47274760068349,32.97663404362399,54.452691586667214,93.57057208630063,48.021781994578056,6.221914935482891
Polypropylene,25.47172997247512,0.042915981230932106,231.21212843678583,19721.210310879396,83.51222121242392,23.041353652135825,53.59060013871578,103.27709650503965,30.34525547433689,0.0
ABS,25.022271480879212,0.07932524777065053,235.89950043019263,10156.809830227605,65.92618257476643,25.99646481309982,51.166174965230375,81.45510607348305,37.84489916882459,3.9195878004908904
ABS,14.968310789153431,0.07837656920259826,250.85945139453816,16618.53917701204,134.43513839573185,28.84441872989037,48.79192156940764,111.91015194389476,44.114423791898815,4.7328128568649905
Polypropylene,13.136384779150314,0.053755251839146936,256.2221918779516,10782.677060449138,58.118923057898655,22.753541040343908,58.017190546856185,101.63370906005966,35.63849864409315,4.359024000840647
Polycarbonate,24.902918353707122,0.0881790374716909,267.48689370765754,13962.391547897414,60.944854995724796,25.262146349657435,57.09000505716908,86.50283113050797,32.95448122145193,3.317969636128459
ABS,5.708898717765286,0.0811623926791124,214.4188637202346,11339.037573020509,65.4065149390909,13.852348436220156,50.61401728805653,66.94645958841687,26.42909476773355,8.832509768739541
Polycarbonate,23.19581651344847,0.028157023200209776,251.05975654039707,16734.945903980904,43.35760055347335,33.98128818647809,35.55912966694282,88.57792212351977,38.56099914959641,0.0
Polycarbonate,12.387215140602516,0.06272713845662956,250.9806432902293,19276.962419580817,60.49215596901848,34.95790246130814,57.45023002954877,111.37107667212764,45.02952393012309,4.541327189903414
ABS,24.652520796525568,0.09904369444390727,233.87724144119272,12018.852716111935,70.4617671004283,17.663897532093856,63.23017200369109,95.81101377786784,26.526659335327064,5.323727062445094
Polypropylene,22.530211403334317,0.0299939607001768,250.53967706097976,17166.364208772364,79.81466079643168,28.2569916328653,57.54191322564805,127.58986505078158,36.33638581916837,0.0
Polycarbonate,17.59118882714713,0.012514619530595867,256.42481781561554,19249.41322695263,48.24664620449526,25.116795087501863,64.00029131356234,97.62445378414785,27.972689444223526,0.0
Polycarbonate,8.078785785871224,0.0675719995042805,266.6209672224327,19497.963376200692,57.27735078148594,19.531153986577703,55.67929544137773,114.75108157608935,24.887875660780292,4.322944622975783
ABS,9.87383308273491,0.06751618723811667,257.6492362652066,11003.352020991713,63.310371718442,13.814836608950314,47.59241560886846,95.87929569595957,21.681065027841722,4.896175520866437
ABS,12.074224390343797,0.09634962565530183,238.06864857153195,18289.295778789692,56.487839073883265,17.485790992302114,45.734327096710636,98.80053599611564,26.910481736673237,5.517762806367792
ABS,28.133642090178157,0.09997935891427785,241.53161677821694,17828.240820710358,99.50248559968101,33.685940606784655,47.69921370115967,129.74704438849506,45.02669167219973,3.2045804075690008
ABS,9.794696792325439,0.062356524520218094,250.6800595516045,17536.676059501224,95.47469696863664,28.723698571123517,48.32081360780576,123.72603164175464,41.08294582147031,4.314822761365279
Polycarbonate,27.309793437215745,0.07435593997750138,255.0814993090591,11861.677335304552,100.1477628148279,25.625204155307163,46.30371794308437,119.30536895398315,36.5441187392573,0.0
Polypropylene,18.501203151417332,0.02833510414908035,234.84921958392857,15302.714663591994,106.0269063514013,16.1711134797183,42.46175452645283,90.65225908335412,24.150104256238723,0.0
Polycarbonate,29.244466413125775,0.09226944457110776,246.05043227109994,11643.242641437972,92.67026916460306,15.70445121814739,41.37793473175114,74.35896459190741,23.282359258028766,0.35727636782903394
Polypropylene,25.719951564375513,0.005732041831467895,298.87859389184416,16185.059500499006,42.155004847738795,20.57370727091781,53.8777970569204,96.85520199489731,20.293298899415483,0.0
Polypropylene,20.5671697284463,0.04652037395625639,255.17017221296086,18708.734784977307,60.85034996294093,19.167282054378372,67.31506265722118,75.10085296357762,25.825658401351085,1.299583269851311
ABS,10.297905425561797,0.038953184081890885,259.29686360451325,15551.37694434428,96.19682160889323,21.537730570569625,50.477545721472424,85.779899434155,29.298379692697566,1.6981123811204624
Polycarbonate,13.030334437086825,0.05285517119646371,241.27766845191167,10585.09842968715,80.04870122587042,25.41932402403291,63.78099222908321,63.00487127594322,38.45110869358954,5.013162753475551
Polycarbonate,9.77545141092681,0.07988765812631567,213.27736863693883,10607.410616140629,95.386464701413,26.877525680367594,52.408585757444776,122.29068296262002,41.09996998363767,7.824088264498336
ABS,28.792209675142413,0.08575172599230654,257.58586865301515,10834.685196187775,79.4645232459166,18.35286688413206,64.36471362283586,56.71297764886168,27.985491191726435,2.493648798362607
Polycarbonate,5.270851844416139,0.08163589144480769,249.91882635290764,14774.297919523811,98.3272463167467,25.28287218113774,65.9477479854467,80.26087841068033,40.72524109361028,9.239186009005623
Polycarbonate,12.57124176558844,0.09404093874477958,250.17401324586453,12741.0038121957,111.72401626364362,24.536057912607326,33.45420229482289,123.30260312611075,38.40657836840681,5.3685640110175
Polycarbonate,21.306897042562984,0.010075445176982674,228.87033280641987,17128.399338248095,78.7436647267068,25.41116978526738,54.558553142066884,79.39063135326477,29.602273138479095,0.0
Polycarbonate,20.923163007913004,0.03228865430002527,262.1939929458069,16603.51121319655,90.75384482527778,22.181919391362378,50.62799685835458,110.62153053080166,30.455619557081114,0.0
ABS,28.431326096260687,0.04397411694955716,243.96867835240283,16059.764628538622,56.41822504877982,33.17991087756771,63.83971191702591,101.31613730589153,43.337169340585405,0.6198740905939356
Polypropylene,6.062843294860685,0.060229760467296466,236.52482925657776,17251.353180622427,95.61465807636989,29.505172093223667,45.86788651486178,101.79558645292673,45.653285192516364,6.3031982475254855
Polypropylene,10.36744224399627,0.09438319262677558,245.59464746759784,17881.303120490855,66.38749356609017,28.450671458825493,41.212854813427455,91.76895013858105,43.84049936635061,8.986521604524421
Polypropylene,20.732604806086407,0.08606556310432828,257.19516041619596,17181.824839102363,95.67358842902692,29.089138659136363,39.88897280781046,78.5806041276423,45.009276911792114,4.818067890270841
Polycarbonate,28.969922305457565,0.0643943596731148,215.5989666976863,10828.47906853172,64.9216271774208,22.31042483974113,55.156199978901334,65.00515256277367,31.37571988029447,0.7783921595789851
Polypropylene,28.041328061250063,0.06624194294273214,268.5558463761054,16254.33667877232,45.00102586819069,27.07306394184978,27.33023935528601,98.87500670789332,36.44841516469385,0.357277986454631
Polycarbonate,8.814822185415597,0.038641856442262625,238.53223523515794,14237.32375762211,63.63196316190558,14.456756181433313,43.92787521806895,91.75252343249926,21.21085471236561,0.5301930118039879
Polycarbonate,23.404446397699797,0.046579853740206734,218.38563632455134,14780.259773962774,76.62541408639494,21.957327145572286,60.61556996795805,82.12981547930103,30.31729558444079,0.9875148461602463
Polycarbonate,17.087807994493613,0.09141890346378408,240.5801246910446,14877.594154424769,73.36779954642736,20.902365195522393,36.105323139514816,91.40780691796643,30.277213411563626,4.335217252469271
Polypropylene,16.750278889211806,0.028046307198129235,287.4987171925829,13681.695729026385,89.49962441613067,18.78291323196772,56.38526148698362,109.19657082146072,27.718802469861807,0.0
Polycarbonate,9.294391322720141,0.0180104453187158,234.1433868101905,12040.553878082548,89.72137376234431,30.459963897759835,35.28127931013856,90.01211052366412,43.9479694197365,0.5035684686387041
Polypropylene,11.064941683205724,0.01323132635284626,242.19930530546807,10395.680865262535,79.31642868791722,27.107993824194025,43.259995161872254,95.40366152209292,39.62289371818687,1.0587786451779966
Polypropylene,7.745594466951543,0.022469987107883727,272.36155040463404,11060.628007321624,80.63852552236987,28.004816170364975,52.51717039319378,139.94087531795765,38.049596285479645,2.6276996982099363
Polycarbonate,16.886864736402433,0.09349631818812781,268.4585227824195,19944.061097698097,62.798674117039496,29.12284295315835,64.42767919043666,88.51392435869764,39.67875397979406,6.76336867452414
ABS,21.992540534754568,0.02399953854274988,193.24830816205804,12964.472475624061,147.7331978336789,32.26189682735557,43.573591031456175,85.91460240810994,50.87062952957822,0.6806302865569287
Polycarbonate,22.618603587389046,0.0032893610205493463,265.0929578067897,13439.241705799393,80.86227300560081,26.18176706622219,54.263173651916745,108.46851930976582,30.767649602628598,0.0
Polycarbonate,8.065275945459096,0.05598785342447833,283.24107327799254,10158.317562091259,87.18488150843824,18.370716240522665,60.063501888696,95.25289857679128,28.14703492782793,3.6804186094275493
Polycarbonate,23.304426248498977,0.028422505384672735,238.5855608039207,19393.10742328265,76.94888703535972,32.80595008556166,60.14355939491076,104.41671394136831,40.41501939307521,0.0
Polypropylene,26.607447314017517,0.051086568864741576,262.64132103065054,11320.813314071522,108.20809224131337,28.860435653856385,59.60945182865355,103.66997024278741,41.7027104346321,0.2631669794497634
ABS,19.864688629219923,0.06387337081835065,218.8535378354839,10057.513733521986,64.87841049153874,28.348116314300615,56.903716495148835,95.8899410800759,43.550506885488765,5.122153167974868
Polypropylene,12.433033135512005,0.06364647121659044,291.08576115240413,15309.96335944013,60.16703599270204,27.037222881118854,40.95820674289334,96.64917213239407,38.06264330937719,6.040218955217516
Polycarbonate,19.100609749758938,0.07456501184310067,281.31412080707906,10667.165158426196,119.44081040299213,29.81871275542597,73.11499359614591,88.9683746242721,45.59627965553449,5.474842218322814
Polycarbonate,14.877681253866646,0.02303413217709181,210.11857445086693,14038.584552293862,82.10947841545004,29.17890670821803,49.36251885264435,102.55697392065858,37.032415086189545,1.2028800176504533
ABS,17.23284951131858,0.08121818419199936,265.99075422476153,18990.628408928635,40.409808074981306,28.43672283819104,45.272838174088946,77.76799530765737,37.944930625579666,4.701834712821278
ABS,28.759858136194616,0.08361740397262403,268.31929830857445,18160.04260294265,74.09418370445613,21.10176822137592,43.34432765806869,92.54506965340488,26.65028549033154,0.22791823287643845
ABS,13.761534972545238,0.06583021695328518,262.6994645913177,16424.90430255547,91.96472280962988,30.71231227404941,52.5188469468984,84.7296779337868,46.03228275634792,4.9543079340477405
Polycarbonate,14.28602463486358,0.09223941696513524,224.6443341771543,11651.614934757803,79.751087986254,25.27662586066311,52.35710067827943,109.27917430004678,38.78700266302164,6.945418424740536
Polycarbonate,7.582947501602142,0.05580397374373615,249.18396569095114,16615.944291918946,90.63495821575964,27.309945656421153,53.38189901800164,126.088113512726,35.63099230556819,4.22550498277336
Polycarbonate,26.909132504122894,0.04309240439930441,318.1436040126626,19645.028498214248,100.05504815207361,29.523515600940826,50.752748152639384,98.19120061210418,31.98028989437462,0.0
Polycarbonate,10.506155542848967,0.034542570793290456,243.04848442620258,16398.792805825848,84.45051871980695,23.221997794910163,38.5268935747099,120.63642818680277,29.63172616913112,0.0
Polycarbonate,23.758651654556257,0.03502233992287012,248.45786747761898,10356.615442060449,77.28561269291903,29.521511843093364,83.63799302439871,124.50514830234283,37.448228630176125,0.6646669772975681
Polypropylene,29.26106707701654,0.09694169806155242,243.4487884030627,15020.230059059639,66.11674484961213,22.87074732111276,42.615226180460496,63.21094788931826,35.2788053822536,3.0828952315564626
ABS,23.04410006963583,0.06471891290079775,302.18115315905334,14711.786634166181,65.57307507308285,27.070268303219905,40.943488783138186,84.17290532961982,37.50390200616208,3.19269030987405
ABS,24.250380971458572,0.019841713405945118,286.50100486825244,19496.14101473392,86.09332607186556,10.872589578064883,43.85802852469806,125.1624435594934,7.60307125660267,0.0
Polycarbonate,5.1979834565809275,0.04929757854381075,247.9088287414796,14570.276831358744,94.10093451181785,24.749982051648164,28.199325334487284,40.98415616835905,39.154177537785806,3.980981400061708
ABS,28.693942428645467,0.02141773052731002,266.20095896580926,15712.846364169836,76.8061482965346,29.42357160147112,44.0578185856866,113.05245581102213,36.159559937706746,0.0
Polycarbonate,24.252869964670978,0.03395853303136241,268.5373705713595,13783.92727717755,83.70194612287413,33.94012400081156,41.00005094096514,65.46084483717917,43.404742985256554,0.0
Polycarbonate,18.944563458003707,0.09689213638390445,237.36766059760475,19451.368789364344,104.59309027436011,24.382423470024545,39.89009386156262,73.81505871856444,37.154764582533296,4.413614419486076
Polycarbonate,9.775094252355135,0.01893269547478358,214.0527926808058,19512.473802410066,96.83091385976167,23.528989985583113,53.15859842642875,120.44082437912195,29.713493942377358,0.0
ABS,20.754676608231172,0.002274991299426459,234.03206642342354,12521.885957710054,114.77556464067712,27.1972179765777,46.51542470683343,73.37559499176092,36.99762980036773,0.0
Polypropylene,18.139617696448447,0.06736971517042022,255.4978252407919,17828.207957404076,113.17023911616135,36.246881122076495,61.0768760235054,121.86116923524898,51.598115299927706,5.606634562583027
Polycarbonate,11.738440378745164,0.06523985947859562,238.99524261509697,17003.83444722542,80.59670175096677,31.744272483776697,49.4362661337426,104.34574876523374,43.917628269611264,4.439070928442411
ABS,9.46385704280894,0.04874483276419729,240.08176246732003,11333.95520158584,95.16167206826582,25.25747707053711,44.50802017742898,96.05934942546305,37.75251962247644,4.039329305915902
Polycarbonate,13.591413894707623,0.08135719181321954,233.7483621638329,15189.925603186422,112.00883640535667,28.43372761433352,60.110326751908865,66.40624436714266,45.10068403725156,6.248875129773753
ABS,7.730636412323712,0.06966414724581269,250.27096286758288,19881.869676952534,137.3334579741987,28.510916917596774,58.995907993022826,104.54930385976206,43.975483018102764,5.891833584025874
ABS,9.247143548504397,0.005069829842248469,252.82733047523163,16592.44487765563,55.20122954668998,26.949055099751515,51.382642968753565,83.27513583689739,33.757883537419616,0.1242724945186951
Polycarbonate,22.59936133945798,0.0602884817602818,274.8591316281037,19965.39432493833,89.22658614542257,25.217918999398915,54.89338824909709,78.06002248651184,31.92029981949438,0.0
Polycarbonate,12.084434017389029,0.01772418533594737,221.84921835833347,18882.856916267192,105.7814908938122,26.391834398395506,60.09161190758308,127.17513916791185,37.49625905963444,0.0
ABS,12.7684175500621,0.04703650064056145,255.71509140058527,11809.287509175425,79.24431725234379,24.03591717898709,42.350461410754704,78.32307488997441,33.204267421801596,2.60988018867315
Polycarbonate,27.45971937971486,0.03601435348549721,236.99842554566493,11846.93454493874,30.41849980487126,22.05596911138018,47.96240190893137,97.738095767407,24.95622212628204,0.0
Polycarbonate,11.215013049107155,0.024138520700878276,251.15828162842547,18837.474703491047,112.89912366162879,15.957720821906287,44.07104065613702,87.57380295080922,24.777504206744585,0.0
Polycarbonate,17.135698020330427,0.04233833786823139,241.77833825780436,13018.425952530397,88.51763207830268,24.815950970202955,48.506219644109564,82.90796410387253,34.79132850924961,0.44734628808324
Polypropylene,10.402150618839135,0.08605863634848349,237.60942751215146,16738.449855043305,79.38202903165863,21.892138749613462,49.14234433389138,72.73456978893029,35.72731707473429,7.777706196283381
Polypropylene,13.36969212104258,0.04422612128075604,261.545178734946,13667.037526897817,84.70701240857538,25.258994091566187,31.32494184478958,106.6383073924488,36.07178148440843,1.7889424745350495
Polypropylene,28.00288167074951,0.04708520637792248,262.9674256758425,19175.982507340712,93.91368045763629,18.143510990174615,60.58483220770092,128.26900750349722,24.1589224515401,0.0
Polycarbonate,7.260448543343177,0.07525608957662731,276.40560171854924,17036.728050289363,96.15522529720306,26.05696317115821,44.534622305575084,87.30818475023462,40.68524663075675,6.054869987214296
Polycarbonate,26.981744884017537,0.0466305854651413,227.72891381950078,15648.181772770356,74.13196153810826,22.663410408125458,46.138732583904286,96.7375943837472,25.810475166413998,0.0
ABS,6.714725594867197,0.04967165624062744,229.11973834537724,10332.128434815955,68.4060052168644,21.736605135027748,48.13966121767913,108.31553050920317,35.09625878488307,5.285791398496773
ABS,20.235481070564248,0.002399699681232317,238.22463077352543,10583.014204690133,94.4961519110294,22.429435312572817,45.26183414457981,98.38406420020065,31.921005927063515,0.0
Polycarbonate,11.14692866379607,0.07322659194467339,204.65220641846832,13995.728640661537,91.55742127392321,16.288065347857962,47.62992546839655,110.09749674463218,27.954667558842512,5.4298644900702415
Polycarbonate,14.509726539495327,0.09088001453618601,245.11452481416714,18146.977596343262,62.02144503172126,31.50972505678891,28.115443639606333,92.21079490514272,42.3966013172273,5.214806917687755
Polycarbonate,6.813199886549316,0.08413871922746477,191.4679183882275,13630.971512431828,103.39394781127955,17.296319589619443,49.1305987688214,121.78568963551179,32.240573003392704,8.924555179683344
Polycarbonate,6.473654826628479,0.03579845510937097,242.2670354638606,17769.95070933763,85.11416735793145,38.567114281288596,32.4730597536969,101.36565834258354,56.991438443422844,3.7595757878183944
Polycarbonate,26.500037893495758,0.07204519256799477,265.738248889376,17881.58514534484,102.8403606004721,23.91871485500015,38.23368864542094,100.77438772639574,32.81137793378363,0.0
Polycarbonate,8.504725735061047,0.08289022454054251,226.9876358756834,15309.440796780782,70.47097893087766,28.247718886842804,68.4096631833943,85.57204559604337,44.37392107195447,9.903501535514057
Polycarbonate,25.22928251061524,0.09723629399186322,183.83042417129624,16938.982137906725,67.10241645963058,20.61535891354151,52.68686400280538,85.68015378533971,31.82963134137329,6.910346266440485
Polycarbonate,9.523430137344107,0.007190228049296183,274.78101634920966,15708.782478639727,23.997404842741105,27.57592049750286,36.56759697560508,143.60358186123028,27.452856200330608,0.0
Polycarbonate,23.460463792602077,0.07768087470613126,255.80343007049996,17535.663322123983,95.29922615075893,23.523940357152032,39.79546513876976,110.56834317792296,33.61150698988909,0.0
ABS,13.759091341106723,0.08759263218873149,258.97569308785984,14959.291010844769,90.0355211264104,30.424379943709308,32.36479616172439,108.96483699754708,45.2848928349465,5.81796092438515
ABS,20.545013116301625,0.08013540755973099,235.66983880985367,17803.347051009092,79.77138770021972,13.901957929447011,51.41238273298398,94.81754212073079,20.574573876621837,1.7578338845010912
ABS,22.199075295199087,0.026561279256089372,204.1143024838627,12796.647846756921,92.64862433607934,38.60983340107667,50.0978971625112,101.87106713044702,52.19407120425533,1.6077743053788907
Polypropylene,20.17298536484403,0.04870081572583974,275.2450718959951,16974.786848155636,82.24220602973263,19.18108965909046,61.21310965076578,97.47203254271842,29.071920781006007,1.4815990886209107
Polypropylene,13.939390444210973,0.02734565454388023,246.59645976043052,18947.978229189983,128.62595946119035,32.24452835263772,34.12686248988937,108.54989007736513,46.76536192758774,0.0
Polycarbonate,27.847219300505138,0.06796037753768754,212.65796825142274,11109.164604989079,97.85502573222733,23.083079792379216,62.12721938620124,117.18274258812974,36.77542044857013,2.396706145912844
Polypropylene,21.479850491686555,0.024497253142363767,211.73712849460267,13824.230847171137,56.30896281443064,26.428973051290356,41.00345548365213,89.46878309404303,33.45961114981631,0.4899186849583139
ABS,21.495497180565895,0.002026875593870844,266.4055037676656,15819.852688129547,99.44492590935785,25.165575322448035,54.30857114554755,97.59002573976328,29.559731696933724,0.0
Polypropylene,10.802930543460654,0.06399112893754762,269.526945135513,16428.462250072753,69.42578951463966,28.96659679139567,53.76706005508246,91.04365453468408,42.024984402414184,5.760717765819266
ABS,25.362313499460726,0.07190379987408735,280.39362036737003,16631.68785917894,99.50951487052765,18.482495040931628,48.87988673441664,107.30387901065522,28.6837054151686,0.0
Polycarbonate,14.14038084086431,0.03513700647028239,253.9188909613653,15392.184293256461,87.4824305636468,23.93955217251859,62.237161109715586,96.40239399700498,30.379251075097418,0.8902859841959657
Polycarbonate,23.485805172922316,0.00940911549150207,271.57753391286235,19590.829716139488,88.36448505275825,12.188554425236669,67.30404581761069,85.72622841843435,9.79278613939447,0.0
Polycarbonate,12.866669317489958,0.018895133422057037,227.62347183030394,14592.603422373984,76.11221650021709,17.919759960063512,50.30889569427718,98.8153942420347,23.54343978866937,0.0
ABS,14.91674030281505,0.025717455316699205,221.18930161507075,10385.32462075028,69.97074956053105,27.08458128636662,42.83858226922699,102.93817927586313,40.324874911704015,1.8295680761225772
Polycarbonate,13.795762666284258,0.05969687731582526,227.2707078728498,11350.313291319753,69.73622904289415,27.154710084511102,37.4675378986863,51.731163015554685,42.606368917824405,4.444896382017478
Polycarbonate,11.775708612163228,0.08719364695588502,260.0282830879893,19252.14695852181,96.13938851783377,26.603872998909623,44.69798506502005,62.620068722304495,40.567060905832726,5.419174042711431
ABS,28.93435167252053,0.07699799854805528,255.30949759744624,16410.253925556248,88.99884241488704,26.339652305014052,61.66002967999291,71.46510099076335,39.945435473002924,1.7157965330156741
Polypropylene,7.626869334097834,0.009077056122435857,245.6335874549425,18175.851413595858,64.00336850986496,31.101486263159575,56.6762689679158,86.87927639668298,42.23371439770604,2.0930455443569658
ABS,25.58613360111158,0.007665561320484052,236.1489729029707,12459.69201482866,66.9586306983489,32.45762600840631,42.77484627193007,119.49054956361528,39.17903388521701,0.0
Polycarbonate,23.012705936888352,0.030198544228803356,311.85649344103416,15036.198351877832,120.54315960999362,30.602587870379352,53.10113247866322,93.78908107720461,38.918425888287636,0.0
Polycarbonate,21.473889407463485,0.0816588616036515,252.86694987650387,14946.834088372314,103.89845582939958,21.843048819315587,43.993364468185916,116.41522004845433,32.52353636849978,1.297448329947499
ABS,5.197487855012465,0.043797624722228416,249.79442819866443,14613.314089991356,73.74567686518641,30.63207687896722,60.54298373135021,112.7847467108874,42.82072633440857,6.172439313101643
Polycarbonate,15.939718211913005,0.07864545719405049,214.73347875460476,19533.31735467481,81.76283068897744,19.014672357118595,60.639466741207634,81.8897007442347,28.647999860366216,5.188161287685638
ABS,26.36648654139477,0.059331011918701985,247.87479500311025,13681.571430711865,68.50550692764487,12.847561484898087,55.004892119402705,58.57145957691708,17.019899777467035,0.0
Polycarbonate,5.512912859922338,0.08646090527761995,265.6990254963496,10428.814430251157,48.66334480408212,29.29394349437014,56.98826089158512,74.44430818422443,42.58119534141607,10.100367257788259
Polycarbonate,15.412489617189898,0.030308724577281336,262.71510046619034,16578.720108831258,53.718069349339785,34.02672749278887,56.12987033820386,88.86712462895657,39.672423057923695,1.2903589099872756
Polycarbonate,5.2416158984096,0.0808199624851581,231.41496988857733,14844.15148567488,89.34287397007046,29.4104655352942,53.94396155824357,113.8787097027185,43.73385194632571,8.448584688326605
Polycarbonate,14.324087445479174,0.05010652517910263,225.3912247512531,10025.96728269498,97.7985800696301,30.790997037629516,38.56743212070517,94.65408193783013,46.85108354237763,3.160216591745838
Polycarbonate,23.31137412725423,0.08520427089773512,285.8893325936086,18026.883688052007,75.62156705483744,26.286579346343938,50.65837814184068,84.46171458868169,36.65719496912109,3.1708614611072026
Polycarbonate,6.1248380257596695,0.06598380055270227,263.7778770519758,13437.280997847873,80.25794620332934,25.877078525850838,35.344863203018875,117.76728591642423,38.94402463495395,4.863086496773478
Polypropylene,24.86570030760014,0.016286046291368417,264.4465248604342,13881.40935111005,82.32713309120845,27.3914607996102,44.66454694296638,87.5342870476407,35.18508881949485,0.0
Polycarbonate,22.413352024191965,0.07960930109227271,274.15738777221674,10973.946288929576,100.82004025898343,15.802897068870548,53.106798589435115,94.48105269173416,25.212345521859454,0.8733563913486397
Polycarbonate,9.769330603064372,0.0020326524153048016,304.3724209288091,14475.853845782749,125.62522942957654,28.80760554285612,68.15292369746717,119.13798764709229,38.44762895373518,1.06769633930683
Polycarbonate,5.456647480862992,0.06546224027171364,269.1487637973958,13556.250903007349,90.63021628097793,25.29935211173649,45.79583675524138,80.79567006347938,38.80679206440707,5.7739194469804795
Polycarbonate,6.342485860839676,0.008227029151019655,273.0220104621284,13605.64569191548,64.27959714888989,28.794564171654308,46.3184648853776,91.3593403356568,36.071692710402864,0.7851534245478251
Polypropylene,16.516886927502878,0.09096805587305393,217.13640196605223,14432.196217265668,46.809824457130865,29.67338144880564,40.989866482555506,113.36185708882178,42.59395057862793,8.523983489684467
Polycarbonate,7.456442580566845,0.07275602373071985,269.638875028697,13747.253302851903,55.308878334759925,20.80665695962973,33.442476771839836,101.47936675242153,30.047564055935197,4.835709413807422
Polypropylene,6.445512113278741,0.03228771038148802,305.10901076692585,10307.385712432613,109.55885284859338,21.300531333693446,42.391380259999785,86.64518394436236,33.62237137511618,4.691327844302178
ABS,16.48881609444237,0.05668550432174634,309.53241365027117,16795.475300456746,108.0267971272716,30.423400813883486,61.82885718015392,93.23534953061323,39.27923650314625,6.397718341676078
Polycarbonate,12.154058644601003,0.002022016809238217,300.01041929227205,12017.805327879734,80.42045727230303,23.843949878840107,61.57526178411301,107.99296178903074,27.198313149029058,0.0
Polycarbonate,19.66846810622836,0.036013111216976784,220.281923909805,18363.542323584294,67.57362673260019,30.190370496131155,55.00458849294704,79.34001814589709,41.73853403408992,0.6063019989698878
ABS,28.755226288277377,0.04002319217800528,229.59555821366072,13903.840216920787,94.00554009047953,25.955547396710813,53.052811555958286,76.11746334851063,34.48055210158523,0.0
Polycarbonate,9.166604528221967,0.07378508737812926,341.96271334136674,17941.41145850704,67.48883662483355,26.7769853819298,61.65887808588174,110.37878745511017,34.779295990777314,11.782642357651262
ABS,26.9603469002791,0.07074707020694417,211.99633546264636,16732.244814389964,92.69417480066889,26.737694224038602,28.729906005038632,90.05839721970369,39.17632738937224,1.3968199636551537
Polycarbonate,25.88514376078799,0.01748828081395627,271.0656156862834,19518.728829902102,89.85912123924582,22.32313986338722,43.73233960367862,68.57043715777105,23.99881339551149,0.0
Polycarbonate,10.142119161369944,0.05954457754044399,258.4296900034131,10644.942164987882,67.68251839952178,18.629180093406774,63.79318428286071,95.4796272747675,28.392185505886253,4.705840002955509
Polycarbonate,18.724268115177896,0.020502652276693727,278.54138776559665,13648.05906350053,48.54954703143139,27.036731763787884,58.43211714246568,86.70047372110173,29.64888393205051,0.0
Polycarbonate,15.90573520861341,0.05274164792124676,268.7076123557492,14761.321425550574,107.62894914552562,18.997149467628024,55.03713545547754,89.9290562179114,24.86391730278601,0.6042520522111992
ABS,26.87672979533466,0.05269011582633075,283.36951897454685,15605.875850438664,70.1739192990039,23.59730993629422,48.99335318661346,94.2155669227288,30.533097964630446,0.0
Polycarbonate,25.92132353626439,0.029032948464253985,233.17432798945762,19098.195251835637,101.20235426359685,20.476836691876365,66.96579768826237,73.25186315200654,23.26219437562036,0.0
Polycarbonate,14.037832301240636,0.05842598619012982,234.65913988987236,10113.120665484483,101.95289212381772,31.916197904790113,53.063480198885195,100.99080245972085,45.70413867006786,5.03165852640258
Polycarbonate,16.484270760315944,0.03045657209595749,261.63761557607563,17896.238802885855,44.38749110120111,27.00175782007927,52.330488002452995,114.04246787139581,32.24674659078352,0.0
Polycarbonate,5.928682119178695,0.06084844548428094,230.08760458548383,18710.75570409336,87.89808140412849,20.85747350971262,50.734733337742036,113.5924303394639,31.728206773248395,4.3958844079691985
ABS,25.381967308452957,0.04303905132370323,259.5975275258227,15517.51529656442,77.91716429012313,29.169282157403774,64.04063654626262,84.58572068545647,35.545523356595446,0.2266742311172279
Polycarbonate,28.802226248252325,0.09217966979478955,245.85821565357244,10742.466959205169,69.74138161456241,36.07425579282378,46.70839026264217,86.88772255004827,50.090648585064,4.009618271250405
Polypropylene,8.570933652873151,0.058162229819274935,285.98803893835117,12564.829281328668,79.45722160429482,19.521791207338666,40.08958902146577,78.28800199351558,30.92291957068876,5.489190048041518
Polycarbonate,18.803727676661175,0.017261237252964582,295.9407143932219,11404.88645285477,30.11777971888803,22.870252784208592,52.87495714839469,86.02634660031632,23.14450047103384,0.0
ABS,25.706941135073194,0.07547219565556189,214.57884788230922,14937.55777211618,102.05192934881805,21.38587382324518,49.50786290859368,133.53607768274716,28.29977336352333,1.9746657780973629
Polypropylene,21.16081978354455,0.06089548389698947,280.7946838815296,18534.544043830232,83.31855382057753,27.259258536413626,40.84001638738146,104.67001500033432,34.82833952478717,2.572453368268696
Polycarbonate,11.754590392543106,0.006974220138750188,264.78399672929226,19385.65098167565,56.17263268052038,35.87299026357029,47.7826502681744,115.06111918108394,40.974862323265725,0.0
Polycarbonate,9.162755230973744,0.02078015067805521,313.29090772132395,15859.756420152855,87.0409869944644,15.919561478243802,42.5794961685249,113.93060283105876,19.219720990570302,0.0
Polycarbonate,11.53281511391199,0.06010874201804594,240.86426005597443,15721.39661168373,78.605236694847,19.253896549852943,27.10979293945236,134.6909432475448,25.41167727315502,1.4267742713994345
Polypropylene,10.598556535477586,0.07184772005124451,239.5973590917307,15540.190997382018,69.0380578806056,29.34292701591321,28.46102001291041,77.52841247065759,45.780155275009264,6.325312224942364
Polypropylene,29.775955974812874,0.016328694612942875,189.60470168722776,16611.300243813777,86.85193492544,21.70759815765716,55.15451552737159,53.96451647466854,29.188360206462498,0.0
Polycarbonate,5.783428787517631,0.06869541209917225,224.98203955444103,18909.248700590477,100.52675568531103,25.241772397870903,41.26989408682281,103.0693453503302,40.68755784437433,5.465642046335394
Polypropylene,22.147479769135266,0.012876496672606031,265.6944889475799,17198.875131084045,88.36289863374054,33.96778690172202,32.976102339217256,40.64503129138166,42.78741948898263,0.0
Polycarbonate,10.277849946182897,0.006019983894539013,285.17923530559267,14968.36505102994,94.02854396050009,26.938629745879886,56.3022679460488,97.64979063361943,34.541655904029916,0.0
Polycarbonate,9.167659721148702,0.043160497950874205,247.34564604541632,13835.001773845914,47.48909167683992,26.16309514737922,53.61422842391782,92.28407188728521,31.660464362864257,3.770214018227777
Polypropylene,23.904779463400224,0.03065618315482623,270.2196819996771,10870.620446194855,77.40482227936155,25.787434811419562,37.48089210241484,86.42722687416837,35.10774159295126,0.0
Polycarbonate,22.77024329178457,0.01007736672851255,274.63163824820145,18407.811098984625,87.63987871945486,26.767680790132,52.55229956718207,106.40106291068362,27.153262524662996,0.0
ABS,24.486887579414944,0.008498366883502553,265.1228103622704,16502.46357276922,60.307990616113194,20.268054927494305,35.65413056658835,91.70216662399982,22.99135575955601,0.0
ABS,27.85376502842481,0.05493527088796657,270.38272539688586,16475.415217528207,65.88286099083395,29.31741719037167,62.87302529422966,89.74948774420444,37.838088196990505,0.8645021904639777
ABS,25.806739351665353,0.09851003236903828,212.5962219860588,17935.161035107943,67.32001247717257,23.12038971615571,51.420831765071306,78.37958929011577,36.22454372124376,5.141925427802754
ABS,21.325012759331667,0.0741274747731119,255.35911397646126,11145.959411577911,82.88762879050958,20.657011641880512,52.63010991780836,118.29641140043185,30.147352242566814,2.300564907131302
ABS,20.19112420184634,0.06959420979232647,225.89510012015833,15565.297681115231,55.39853811881365,22.532353640675815,59.52650417814802,109.46653963942464,29.512785924610053,3.1399878713067766
ABS,12.871478065214477,0.08872135490400437,262.3160279109322,11187.211908199792,89.41645050411975,24.25993286297389,57.59891790507556,91.0057230250398,40.74679410975945,6.629188118124189
Polycarbonate,7.959694933593948,0.09904431027587565,263.97209626892266,19316.51148244614,83.94730885423478,25.24260344681448,34.492514821507825,107.06118189059859,36.525643789143906,6.8364359106687616
Polycarbonate,18.897125463601224,0.07261331262497389,266.99929501273607,16237.697628857477,58.520575579328735,23.381254788020637,35.05744467956707,113.42133865289706,30.544456680194205,1.3317953778052067
ABS,19.597555862592493,0.047499994473783475,252.18261731168565,16457.587437628332,78.01513058971985,11.062443632812462,44.84186604571942,112.62746239622805,14.347002369322588,0.0
Polycarbonate,20.638622160977683,0.024854588776344368,215.68924919841166,19135.033637281864,66.07849424292266,35.11465323000433,67.36287547522002,70.85790281340572,44.888453992092685,2.2960379631080996
Polycarbonate,7.508671441738897,0.0016601933302275913,289.3613802568379,10686.188374969459,73.77037434534556,21.912631382867545,55.41143262260689,91.63845585540317,25.735894758354725,0.0
Polycarbonate,9.873046765683073,0.08037865248919464,254.32336920397879,18183.92859393882,89.24024111191977,18.200330862083412,49.74041622513092,95.27709312957504,26.458299353224923,4.242327887435475
Polypropylene,16.12800701895642,0.08732400095816988,299.9039979519629,16681.93686142301,69.7346000601822,12.926192968601883,37.13613188451998,88.3716305936679,19.43527549160495,5.608045110630146
Polycarbonate,9.759964366146978,0.044413786272749244,259.91281033547466,14637.084400054378,77.78109933153333,26.72285822043787,49.04603725143579,113.6278316265036,36.59377894281188,2.3308830045659783
Polycarbonate,18.095935477374056,0.001731470751052613,227.72719227340679,19902.127937310695,55.71302346220618,21.999539272135394,35.13386523391476,116.42242564106417,22.388747150610183,0.0
Polypropylene,22.02966001876164,0.027693952996516846,245.75875575791736,18998.318089827648,75.24400149597825,22.597582225433342,52.61747975048311,97.45920101297628,27.702872078062665,0.0
Polycarbonate,18.002266296330568,0.06076978282554697,233.72936750901,19620.377363220137,103.89695204055093,23.5104241589413,47.587252417548946,90.07619932291371,33.29252248930584,0.8996848710035461
ABS,26.15669099216964,0.01705986620450144,255.19691238022142,13806.183788231312,51.62763564667853,20.89441171327993,51.716207628404575,104.06904191893723,23.91245254686233,0.0
Polycarbonate,28.69241584469525,0.0037571850663146123,289.808783861784,11988.045809374247,95.84128247370569,22.242270945419417,69.34829114731639,82.82441951353006,26.145255732490792,0.0
Polycarbonate,8.830163455011165,0.025074886614271787,287.6684139851087,19377.978429392486,87.7423426862739,21.542582614760235,45.90486768520324,102.42675001213003,26.47855424063024,0.0
Polycarbonate,5.545200288710842,0.08975135159054277,237.81978953976423,14884.088186194913,115.32625744071612,23.787165788103618,26.049984706754167,100.79272593286998,38.181946904971724,6.607011122855527
Polycarbonate,15.948556787140259,0.06377288390814967,272.0926379677394,11293.973022077394,77.81704736842613,31.013723897583,44.61594274666627,103.50957781678576,42.65052505513671,3.3018513099823776
ABS,18.353960439790754,0.08403672868936977,250.7628304388702,18777.55244438182,57.43911855098923,22.40853071214862,35.98645094354973,99.9543585153634,33.94053098202115,3.5790487747872595
Polycarbonate,11.04247332315092,0.09612126242138337,292.65429227126083,15765.456414224198,68.01687011869576,23.042020595304987,65.091794664735,115.32224903850897,33.93374182106741,9.016213164466617
Polypropylene,13.021369304685141,0.08341583658475334,253.32895730499385,18754.97125277787,76.85468534988519,24.88691345771933,71.77228768061065,110.96855501348308,38.57292017605558,7.798456358912385
Polycarbonate,18.540330212825886,0.022650578969024466,287.6776157827544,15310.718316308057,101.08569022630826,21.594751434027696,38.12036746253284,129.5520355194504,26.187440028248727,0.0
Polycarbonate,10.00911774943,0.024323715411011852,240.7904873398765,19647.61013654024,85.8859437773854,22.860899938889517,50.80379931676612,105.87747850154317,31.17567338720567,0.0
ABS,25.182746981161827,0.06870939785601628,245.53315282196203,19198.81311743099,91.56583737509804,28.168714137594588,57.40825530914539,115.37349493462875,39.108494540937706,1.110385319601261
ABS,28.693543535062076,0.03843989885160657,259.15096685280054,16514.48999348252,65.5567579077723,22.780824185464947,51.50968713892918,87.03691620735698,27.438503530726475,0.0
Polycarbonate,18.122472665025892,0.005839782970009014,236.48023360311348,15907.546083980496,39.76525267008946,29.297180505944695,54.191541546107075,130.54146930888854,32.46726624008009,0.0
Polycarbonate,12.358413369873107,0.028226164649921275,319.5051085386731,12241.61766418672,75.6282338832836,25.540383486200234,45.17975334219216,85.52475411886586,31.535792926287574,3.2501324907445492
Polycarbonate,11.195923032245776,0.09090726722192954,270.2777142928199,15178.640396658066,75.25594468532293,16.818933612524333,55.89589056165126,107.19802093478404,25.075971771684898,4.84757199594704
ABS,23.073543304736475,0.035191078836722296,226.135362999979,13508.358936005487,88.568731140708,24.97676285691067,59.08135802142018,109.95147221744239,35.725619928674064,0.0
ABS,14.739816167147028,0.022094026695093787,219.16874954271975,18519.198699124914,90.7158733193977,27.746177167278283,58.72052836513926,83.80096098215517,37.21208801095986,0.6204892068176638
Polypropylene,9.499385927319452,0.06439435586360011,209.87675353846421,10315.31822924707,102.41747390412279,33.34744109030881,54.39885778506335,112.06025150850917,55.245487790510786,9.512006443432998
Polypropylene,13.456467886469433,0.01173601271065437,255.21895059139086,14501.647760139856,88.85998432757177,23.538945891580216,43.88928235296382,99.20932780311313,32.604717690595834,0.0
Polycarbonate,21.127972400110345,0.0762999452044979,272.86836214075254,15113.892714004489,103.52692216187485,20.82929149891012,52.56232279279148,108.1691189852591,29.788762331288147,1.8417889070673539
Polypropylene,12.500929128190517,0.0125033209072315,242.06169347990743,11342.938927983316,73.67737404789743,27.88872301967107,46.487240508238386,73.62279283611788,40.15585281058964,1.555357092801923
ABS,6.023557302152398,0.014869706441471495,230.45244442052535,13925.009801481969,59.25279961160538,19.387492608962276,47.30269769886679,78.01051492591097,27.997822233946714,1.8928730916829184
Polycarbonate,6.999886922173708,0.036851552588954006,209.2955751876411,18203.049360014666,112.97761525388128,29.127844384602312,71.18179304297702,91.79687918619338,42.22826228449016,5.433106752662812
Polycarbonate,29.770966931565933,0.05882593022550088,250.86007375302282,13796.383974408616,63.89084386006423,30.124765075433018,44.333329051316454,136.49889975002586,35.776915766888116,0.0
Polycarbonate,24.298814404064878,0.07756342714204574,309.1561199451042,13731.896876434026,72.42318486963843,19.138064151552463,53.641992129497446,88.90224345557183,24.849793930165664,2.5895631065550715
Polycarbonate,27.31862263887931,0.0040744054063254,267.0851206160593,18116.55788573479,54.49420040970642,23.679965263829473,64.22945005794733,126.88730720822923,19.620353086271606,0.0
ABS,5.61966339438595,0.009742660647771639,232.85677131245993,15028.021091775327,121.9267769470908,24.696441592271583,46.50667516780411,124.0044370799642,38.21277202377973,0.027252229889258933
Polypropylene,10.945704840561486,0.07055917226982421,285.4014502449759,19646.005241130395,67.92898003148352,22.415971024029048,54.35110447396123,144.2133583546467,27.986262886944278,5.702915239960064
ABS,14.8568271194497,0.07973411752861288,263.2049930449333,16775.463583363296,67.21994733287768,25.737448670875285,60.79487687308313,133.15991801154897,34.10781155318495,6.131405434501158
Polypropylene,25.76709749421319,0.0264450553740778,239.0806770867529,17920.4887652481,37.42666867422375,17.767122010373285,68.6355472869315,115.21523912258482,18.064394958579538,0.0
Polypropylene,24.075426296793342,0.07583361789957148,234.56558204748623,10707.305539764648,101.9688092530043,32.72800159313762,48.18987711531487,73.55952058131615,50.31789854710257,4.338063624187287
ABS,9.240364289129225,0.06159557521133564,270.8428347637251,10027.195682964846,60.44432508672426,25.64290209893635,37.92235434657236,86.33242719378998,38.13461228102225,5.894330604214177
Polypropylene,10.30560432319411,0.04423185582777919,272.12252386279454,18244.325550763184,82.9676627220347,22.027126729365612,51.19961421890113,106.09635242523444,31.003067613520177,2.963327822154749
ABS,6.033540935622124,0.034792964127170124,265.99951359087095,11096.348613511167,102.3673341487481,31.23164100202124,52.876311401054,126.76985537133285,46.78386806556668,3.913513178133143
Polycarbonate,7.8576209536019554,0.011941398453565937,219.71760173052277,10338.28985090093,66.80143057994762,24.920514839268325,43.638447836058745,90.65847852869118,33.02566952033603,1.6244575266573615
ABS,17.759491162022044,0.055809316298092895,271.83994010573895,13177.117084137179,94.06082917949962,18.89298737401148,28.499464561419437,121.10753626328265,27.932092637228163,0.0
Polypropylene,25.710860908740564,0.07682095146441616,246.30777550512576,14256.418724535746,79.30544475677185,17.94616293131371,51.75285228888867,112.7156994032613,26.42182865109394,1.3585888553634542
ABS,23.47579780558366,0.009064300779902446,230.08378968671394,17504.240651518172,89.93902783763293,15.021065540278695,54.99496453224572,110.760079651561,18.337597368316096,0.0
ABS,23.579756992381526,0.08825328461555854,225.92969403354954,12985.264580526944,98.73758978050239,33.076170654194996,42.50940368568416,120.83839805208697,50.37578064242802,4.891754714459008
Polycarbonate,16.426028846682847,0.0710324105286114,225.76540116765818,14470.576167822444,64.41722735544545,31.43109361744372,26.35498735467095,117.69877623273096,40.4494697381381,3.741963496174624
ABS,10.544043985889733,0.08641072909518595,237.83881547937537,16703.868525734717,36.44308241136077,29.15342197776355,32.8749243290756,73.37615465786516,42.352409478116904,7.580923039522863
Polycarbonate,24.559716443201015,0.0019022373575801736,219.69681473077034,16551.555164678008,88.42732930516621,27.101115954201298,58.24662986398368,97.11322987795936,32.471658019500794,0.0
Polycarbonate,5.213516113863266,0.06783629850562228,244.82025652339956,13403.66179568294,75.80837640695039,25.638307523614053,47.64198196589896,113.20184835003158,38.473494667407486,6.252636777812418
Polycarbonate,7.23981109178539,0.01443497712950273,280.8759496588176,10056.59160739162,91.00571335868378,34.60525852675626,29.739171693077225,76.02872425556451,48.28407572253416,1.8146206727847047
Polycarbonate,19.36080839620665,0.04385531788060941,249.14601771306346,13290.49394208804,81.11797746277577,26.99841356834975,51.247115490931215,116.76175623383529,34.77942827712768,0.0
ABS,20.351327058270044,0.0501790820705589,260.396146561245,15425.894763162321,71.28802872464051,25.527390300537736,69.45218595981649,85.96937012310912,34.85393139279703,2.5401491727957954
Polycarbonate,23.75892361723465,0.06236996537535702,262.81181610675304,11169.029548246173,98.08346159956596,26.065354928989183,42.5109939217475,115.82977102547645,37.2436546114236,0.2576502377144152
Polypropylene,10.125478480718446,0.03807714446381486,287.8274408786565,16307.118467581713,81.83121649524848,32.14352381681564,44.464179184706765,126.52507121445603,42.379911171346244,3.873564188622231
ABS,9.874094596621958,0.001621584990165813,234.4424140280672,14598.016447076358,58.53952762524383,22.17611367696992,42.50001067830037,96.61012705329122,26.527561875195453,0.0
ABS,21.98285752017736,0.08920648041913136,277.8411291180806,18247.309325813927,68.9687155693138,32.46262625322482,55.15885530208167,111.58778260138246,43.25115747627253,5.003290610373777
Polycarbonate,26.109639931319713,0.04166460089147332,235.28581498164903,11632.664706063666,107.32915656444888,24.026952896409107,43.03406351851173,96.35337471357383,33.2048976331184,0.0
Polypropylene,22.431248492552026,0.09440275704079502,215.8557535236169,14862.196869236257,50.5833033254075,34.823872441061255,59.272313632772295,87.32266622879916,52.41959691670368,8.601975514570192
ABS,18.61741487268355,0.00833494182201163,274.25802529586406,13502.217015498827,111.96343385750112,19.791554931869264,60.85829608947314,91.0716843742382,23.479244663941596,0.0
Polycarbonate,13.206713470285582,0.038879889279028565,258.011125738337,10116.376190676623,91.59255688808709,23.63170040592355,32.78100100305667,89.8856292708405,35.89632187848187,0.5291731525969864
Polycarbonate,20.665864940935858,0.0071480067145012136,198.73530751779296,18822.26079636474,75.7012712115935,28.818559079863704,52.07679092271975,102.27159714256004,35.243523082897454,0.0
Polycarbonate,14.20132331459362,0.08019442499579778,233.75921036454707,14256.430344407501,95.90359939817928,34.956614774536824,48.701135148593636,110.56396778858347,52.609609338385326,5.523948740217212
ABS,9.873420152317422,0.02153813311207602,258.6391472757608,11628.384730711412,55.22320533406487,30.65575380364154,46.03928503004216,94.51391536964921,38.78148448887613,1.9269223520696115
Polycarbonate,11.722689491666067,0.08875421911264138,237.53172089522735,15576.392655008469,105.66556148781918,28.387404639838994,42.256587858082085,98.67372899097151,44.17266480140505,6.473842182559826
ABS,7.589999716906865,0.021643797114692873,308.5331444856532,11242.528594180963,84.54641984900793,18.635400673118202,60.79370624641169,87.51882524878374,27.718803430209498,4.31501899161384
ABS,15.120576144899374,0.06473746000316252,226.44457658422135,12588.82169709196,81.9978199536101,24.15591706072768,64.27241007709483,84.12450868337031,39.33359118929146,6.183339473159039
Polycarbonate,20.555642582852325,0.008397524951360792,237.00763888744098,10625.322300912758,59.19977702438699,22.699281138646043,56.02849877055318,111.59161982031267,28.295539562859368,0.0
ABS,20.68602540175949,0.026660631837448663,250.4441771287368,18513.88767779782,75.69109447953895,31.24140472672148,63.66470947736916,110.27441372282051,39.59181637417539,0.0
Polycarbonate,14.177092052592654,0.022043414857339596,222.93067653685793,14080.098011029582,91.4023974746818,31.868335573055717,53.252270036248134,84.34549130196578,43.52517076077744,1.1990462550520706
Polypropylene,12.364194983380568,0.04023667681356445,247.58742770805534,16525.22125328287,83.3013034753976,34.59511919196546,57.579264867746474,102.62547671867482,52.14845498230843,4.092010983989749
Polycarbonate,23.420083575578488,0.014160787601958949,228.4340854854895,18290.765795693267,89.81670580162519,23.824400881262335,44.41223436504582,145.1630534810194,28.693147327592172,0.0
Polycarbonate,28.18531814719903,0.04827430180219303,225.91049007652316,19138.02627260841,120.43779444873444,28.248104567448955,52.83398158159573,102.19176732729304,37.92717264415902,0.0
ABS,15.035623618755935,0.025680209152299564,230.59650933059166,16489.08984676841,84.6417702133797,19.60589237431658,63.767572019952325,104.11560514999582,26.64242727340101,0.6375313993953273
Polycarbonate,29.283314285032933,0.08654395687424217,222.07809931964815,12449.964995911043,102.79963938027456,26.278377023368865,38.36924253454454,82.1828306879018,38.07105677356562,1.5727717438123467
ABS,13.522839608816476,0.09129883770188806,204.0385238587122,10378.25891286675,84.43049796322482,17.141749605133985,52.51501093218315,106.42785122514144,31.487810580061954,8.412177736408095
Polycarbonate,8.816645544097245,0.05824400949032864,266.56132848127095,13401.833618010653,80.87088678348107,27.706542612890008,38.14564220107292,57.840189846518996,38.84171560384371,4.881623309603401
Polycarbonate,24.983230632600225,0.01981114297953756,234.27851701104416,12074.875158999388,88.87873229314516,17.940712745964422,50.75188913547656,92.16917815798661,22.644590670948407,0.0
ABS,26.28817740414184,0.08974151929978093,245.9953973416852,13393.543652831122,58.847467162078345,35.678173556484936,54.156611436126546,94.26645977627423,48.91956300055436,5.988515712954652
Polypropylene,26.045279172280203,0.015144448915687312,212.69586123876272,12939.878068720323,112.80664046332774,13.594612665688977,28.47030933925742,98.70636846101529,21.892855889405762,0.0
ABS,19.543577035514033,0.01721903199807614,297.2299435742966,16686.698363871183,87.2610784464578,24.69191374156266,34.4129012997884,89.55712451476481,30.83108086373662,0.0
Polycarbonate,26.400116358075202,0.08234070004620084,240.33024420339305,15526.791985035657,92.98535355720537,27.308116620242753,42.81591864542135,105.12675842935363,36.4449440764594,0.6553377236803528
Polypropylene,6.434307218531705,0.03033921422789373,270.80782230150237,18236.978178389498,64.08818206662237,24.750282331890872,42.29657908642079,77.58182000007312,32.30488934190124,3.108923232214447
ABS,23.306663599544933,0.0011670362958249975,218.62969720734023,17909.165671165523,115.19262842546534,19.386899962654173,45.86574189526108,108.06673361012025,25.62906161099412,0.0
Polypropylene,21.707186654232345,0.009400251335765695,243.27993418475143,10187.192895951852,65.35767483094075,26.10733706716063,42.69778209124455,138.7817750022887,33.94658415003702,0.0
Polycarbonate,23.107060333212367,0.019213797359588284,255.09600470662514,13156.906036723138,105.59439306327525,20.368757306631238,56.75431418565709,101.97291468966046,26.751382426912485,0.0
Polycarbonate,19.897693847137052,0.0833953265245057,279.76930388856704,17079.276986714744,46.85207701206182,30.091529657758862,68.41892335788773,104.27285160843627,37.10196549476911,5.532059680691228
Polypropylene,29.36800446293251,0.046065111959631234,247.74560881273894,13247.607589707659,79.16755364557709,29.210721734145004,43.66913429028292,71.20887738386264,39.97062599285899,0.0
ABS,7.478691876908473,0.08669021746767534,261.5960286320112,11358.476609749634,93.59487409267247,23.24454870222504,50.529916055618536,59.061167790428506,37.65046129899927,8.63875042119386
ABS,8.01230324601384,0.07838875478093876,250.13657861099387,19620.361268661745,66.883767886131,22.202453325696116,65.08971421651378,104.95165655417854,28.761370341636546,7.332961020160275
ABS,16.924349585009324,0.08661482397820218,256.4892631537454,13492.993438195746,88.894954692671,20.571936154709196,45.29546010036938,134.0865340623589,32.10025057850746,4.025768316166287
Polycarbonate,10.601996645974896,0.056617005638893346,271.1351749808068,12207.626992526166,91.38568549184451,23.394156964100542,48.74787495385337,112.35344813134371,35.85450495835999,3.4656611139139617
Polycarbonate,14.509225042925529,0.055118825919137096,276.8360045721705,18535.119985021065,93.4486900786157,26.37046730171541,46.21805398634289,103.85319377412698,33.67950667280488,1.9373476855146337
Polycarbonate,5.253327379716492,0.08742368268240067,283.0647490766468,13289.758312990853,83.85948892970983,18.264300598674595,71.41910976131992,130.3898878324132,26.459141396840906,8.92717472540866
Polypropylene,16.292823159622266,0.007085003573480012,275.43135236676306,15664.04786033195,113.54957987604473,20.848256792341992,52.723806395451234,92.62015157134101,26.82690734871012,0.0
Polycarbonate,6.466343578074614,0.017233312728220464,254.5145214939959,16843.312385042987,123.18420812704485,23.04983583822495,53.8385992268668,59.71161540772539,33.52031090568896,0.2670618586538922
Polycarbonate,14.183514150317478,0.004719372691717811,216.3644989569481,17192.61814888258,96.93471425245306,21.573099543605792,43.442437433027884,104.68897471079751,26.321666803623597,0.0
Polypropylene,24.15998439147082,0.03753411077100429,235.60139001287968,12565.632420424987,71.33669022827665,20.939247622796504,43.902147069936476,83.65788342910581,28.80500885727437,0.0
Polycarbonate,28.163799296738873,0.02302864450422392,241.57520332785592,14693.515820080982,103.56432322134413,26.680122303584593,39.97507040774735,80.84935576455564,36.02837886508644,0.0
Polycarbonate,29.181543055276567,0.05812258578955247,264.56957700848284,18600.431397383425,102.29340389633629,33.516258593940066,53.11286501109892,77.34600211585597,42.89800022548144,0.0
Polycarbonate,10.67568915756155,0.0913781663384558,230.23324724590861,18256.380884714566,85.61937171441663,33.19382943498043,54.456956981798726,86.74049037254494,47.84739917656792,8.228657325353918
Polycarbonate,5.55310078429362,0.049596266182735556,258.9700078513322,15611.565099727955,94.06156610989,27.78333380659316,55.599036345740366,112.36760238081041,40.16819946234249,3.9342020125328028
ABS,18.274862091832734,0.04231506247440316,241.59893576311526,15440.709324197582,90.68631685452746,24.698623250085493,50.01444227430892,100.26453000711483,35.257688510412805,0.0
ABS,27.96775579064915,0.03987911011169806,243.65353162566242,13336.165557213151,64.99208284339065,29.529092734052952,55.59608303649269,125.19115592725349,36.47241587064757,0.0
Polypropylene,15.303336918971114,0.07776370148400805,245.81375099499303,11784.47315979896,99.97849434550763,27.34635586898402,48.92939153826101,109.9101132605957,44.719867790147866,5.461033707221488
Polycarbonate,10.696806192018144,0.09584177881874764,228.4902073961149,14040.637869368411,87.60050743307137,29.664272600740617,49.02648662433876,79.28863897666155,46.695070755279126,8.939294089242951
Polypropylene,19.25934285492546,0.09278944052647141,238.1244766585259,15676.476167148146,79.95667447563233,26.157991863507192,41.60995535528079,97.08119149656294,42.03434286411904,5.640379825889116
Polypropylene,13.602613385426805,0.08431468749444153,278.7987613768908,14495.485661702513,81.19306867492045,27.64770347763855,46.37909001322724,109.59597324888598,42.44916571982946,6.546165440908046
Polycarbonate,15.873732385945956,0.07307481756101183,247.98429627332013,14106.183382735344,93.3486999356184,12.685114532275467,52.949702629215786,60.0568804822831,21.2789291008633,1.901751996538863
Polycarbonate,10.649109772593437,0.058584254768488046,256.78412029741196,13108.471334838423,43.483565651758575,36.801555999519906,52.380244387803344,96.04209458504738,47.434042699131865,5.612809472220867
Polypropylene,27.117735337010625,0.05011534596182272,234.4213098792145,15175.524990117112,76.09391469783753,26.826019083482027,51.882858782176186,89.87196672232572,35.74577609441277,0.19427728943987582
Polycarbonate,17.149136481635725,0.03244818366142021,261.4668392411345,19667.12194026533,95.26660745129563,22.847716828367062,48.19633766455476,119.6075045485356,27.585636001492016,0.0
Polypropylene,14.5288243104751,0.04634659822635881,256.00864616282894,10232.832203759628,76.81759584665026,21.057052579702017,69.60359108732425,128.73236954094753,31.139185199120213,4.120071508340621
Polypropylene,12.80372726575159,0.050827565657237894,258.3006328083206,18306.297000042505,79.08539698661404,29.021840877350023,46.8634807360597,118.84780380655067,42.47403868230448,3.144240391941139
Polycarbonate,21.612970131492546,0.0030748533899827104,237.69912977176102,15621.061196046565,54.50411329072841,25.444850258942363,53.31021868525123,113.59753790525535,25.543005413404845,0.0
Polycarbonate,20.274804681205133,0.0977155430800587,250.35210172982116,15980.691474820207,63.164689783181856,15.949600069495244,55.520251505614,102.64300695071623,22.646099398912412,4.289156438169167
ABS,29.244105777522037,0.057651538559661805,259.04987129558407,13794.5402428612,62.87658658703121,17.365944635440158,33.212245529009834,106.2914691811113,19.64952836972325,0.0
Polycarbonate,17.325936652046217,0.09237354606589934,275.5800006254535,13891.901778445881,78.54296737863136,23.413170386536798,58.16524593177766,110.84747252442929,34.43854332518297,4.884245118825609
Polycarbonate,26.866549847881167,0.04495870639535407,265.70325654220164,15428.745640895442,83.35211926847244,27.76688421956416,31.571968915273555,118.76907589879434,32.58464020135627,0.0
Polypropylene,24.79784280834492,0.0347651892904344,250.31162630726595,10520.54979682228,39.32040564275621,17.468815593289442,65.41430167181862,86.75098580464031,22.107231120116918,0.0
ABS,28.963039481243047,0.024525881487195384,282.3882759131054,17596.69584606315,42.145057943817676,21.113112235693766,54.295100739224985,48.27422964280778,22.995902123684203,0.0
Polypropylene,7.389987534889492,0.07878231351391818,203.03409946152158,13469.681240333506,60.428325948229144,20.287264686184383,45.851987238639516,102.8234792343704,31.44601841991748,9.671953735730273
Polycarbonate,27.43019491552888,0.0010362215868101208,289.1764058860549,14409.309076490561,78.17487898822158,26.938775919260358,70.69855272160005,114.13176315752435,30.76138349692087,0.0
Polypropylene,20.695816509784056,0.0995208945757994,275.3750323771421,18334.863353464127,105.71995457290632,22.53994850496475,39.644915801622666,98.8570322874163,34.03320205522971,4.556228708124213
ABS,25.847691143722404,0.04682893369241699,244.6984497475966,14275.816872838179,60.986161079095304,24.626357441278223,67.84145947956503,118.57081155357037,31.62732822332526,0.0
ABS,20.75724820667932,0.08420335750152981,247.8486908648601,15175.772222030175,56.03218465730426,31.11001483352309,49.29332092116504,81.69076678221316,41.996377814594766,4.472214241273786
Polycarbonate,5.722950190059149,0.021030716356205684,236.02213420096285,19760.390983249206,94.50477987091482,30.46106445617898,78.35703859276897,126.22667961251996,40.24580263988915,3.5360373543827737
Polycarbonate,18.115128662771127,0.037729896463751786,232.26779342803061,13059.63989341888,107.84740665883942,31.500674693497977,61.621318189176264,75.49058568482961,44.91420709738107,2.3932078569265136
Polypropylene,23.9299392707945,0.017261903323669763,233.8330965154892,15065.945300334031,84.61515943315645,26.23341456594123,63.86799087138435,84.55935858559737,37.42411829090884,0.0
ABS,13.438723212218799,0.041477748480722686,254.84724510306032,17000.944365052696,51.66695575921667,21.92584254311162,36.4082444418572,99.30658849383471,26.377819705866628,0.2857046194272439
ABS,21.05734850962632,0.015351761423369595,222.50176597761197,17509.713114434653,82.76745020145556,19.158619433693094,40.91988330266243,111.30768360256576,20.086276793336033,0.0
Polycarbonate,5.856378449200496,0.08790740932450201,195.0765387860722,10253.776512335116,57.70582261802021,31.140345164273953,62.77943873179438,95.69703614545853,47.96574777963421,14.543399726618079
ABS,5.723061264075733,0.008013345278275526,241.84221332697837,18600.921185291045,78.9867537718354,18.6785591658107,44.242562837285696,106.18165853146246,27.71134625868158,0.0
Polycarbonate,6.133634369358338,0.030121871103974636,236.2231932661639,17805.3703267464,75.91249432946015,35.20497126829041,48.39825200025182,81.09041466500102,47.631684920434815,4.1912274009434505
Polypropylene,12.88831159416615,0.0348952677081977,264.1783187091039,16343.170976316458,81.27002534864067,24.79289631229204,55.168315431816474,104.54804415181636,32.93388824172648,2.370107954358708
ABS,9.026128381083389,0.02974192151446449,235.50119658171977,14679.214232713348,87.80009751139492,15.48776625626857,57.82998157496345,111.14456479580996,22.867447513286297,1.0955025217358916
Polycarbonate,19.383307605270584,0.030721422361264263,267.6167265867506,11875.697315549625,91.61906037096924,22.731513247844102,42.1436364380163,120.74191625378457,29.970602230384912,0.0
Polycarbonate,22.64752709391708,0.018627837565725128,243.3191392713364,16586.899238922444,58.414685612960085,16.701372583203856,55.173250899157765,126.03828795437126,14.926941544248097,0.0
Polycarbonate,7.199614170607172,0.08045603908979201,255.12458162320925,13190.320552752257,56.18236269396334,22.14709244641399,56.53569882594468,101.709788154801,32.379293059934746,7.075844841375462
Polycarbonate,18.41245847125196,0.045201282277368755,283.3391035885081,10285.334652512945,43.9909669684285,25.20112227114938,59.65643610067314,101.05695394942282,32.57804053154672,2.024311110775184
Polycarbonate,22.400399721725453,0.04619180416616622,270.0690171807058,15245.184338442345,38.03648838576465,18.771465977510253,58.74014156659658,72.44618859608272,20.984115632940675,0.0
Polycarbonate,11.717845052311613,0.06998875661414097,195.50325673041803,13255.366060078872,36.71323895330437,33.33228614414745,42.20504644909773,97.6879886513907,46.947948858113435,9.451992944397155
Polypropylene,16.39598116160127,0.09913021446414172,275.71566153888995,12389.288051135823,23.571396571533256,21.830670537144808,52.15608894787324,108.26647460410419,31.95507332391999,8.031125571726886
Polycarbonate,16.857092222212067,0.02838372654929786,296.9443116497587,11774.767617020963,81.39337941370327,24.377535552422234,38.98160714274641,98.84030368488469,31.06737977738808,0.02183491559734596
ABS,27.322307035067556,0.07927128875955558,258.413353519034,15287.553669943994,65.77346268973677,21.200182771719152,45.04355816376729,54.962589568818004,30.51151515527436,1.60880384445609
Polycarbonate,12.28405174343095,0.047879130615902744,233.55091311126614,17375.671712232288,92.63826723364028,30.02018107499802,35.06483524987246,102.74242290414091,37.95679552617165,2.0102638487980684
Polypropylene,28.821255634340925,0.08983009126445492,268.2320348958459,17867.731651217793,80.19544252417187,21.07207852957703,50.09582600200325,112.32650432676226,30.158780367813588,2.070905447955671
Polycarbonate,12.372504435831754,0.09511051778021233,219.8039144899604,18888.860320650165,97.24072469493468,15.738156281587381,61.369611974975335,118.83859822303249,25.4940650885597,6.830641688474318
Polycarbonate,11.6762120906839,0.09438968155436607,274.0789731679667,14650.458372600348,86.44269624781626,29.59314696794604,68.28583175073685,114.64496613393464,41.10580137011284,9.056832986279938
ABS,10.06308452682222,0.0029129430165871733,221.9134608447295,18330.64212547531,87.85347761349865,30.733184787409478,53.46366625882478,91.62580772432997,42.52314066153559,0.1163708476981784
Polycarbonate,29.543843606740637,0.020677377122247535,222.44953873258794,19970.580076497194,64.73255432496381,26.719449225282027,73.51012655009141,120.33779186039797,30.29040248405051,0.0
Polypropylene,20.007501259269986,0.0890006194831661,237.01151156673308,18848.24441703889,74.15924352539194,28.376056791154827,56.744222695004176,110.88085803864507,37.30953291111405,5.703534526890722
Polycarbonate,19.404230972904536,0.009708068244783829,238.87079432710402,13937.260440106047,97.71016576888493,22.177907868105255,62.38031355519705,97.99028279624622,29.419187744784423,0.0
ABS,16.655789231244004,0.080382837143389,264.75844511531693,11184.786602592849,69.73520428803295,21.95935105746725,35.09160298824152,116.34885027767707,32.69727490459131,3.6153383403039894
Polypropylene,28.18517282364373,0.09099021657202286,273.5882263893919,10386.762378198646,81.39541739258638,24.730250846337974,53.73069721520276,53.21235670557907,38.56531720204162,4.105689989023508
ABS,11.029621146537634,0.009999562064348343,248.0841034342699,14113.749131380126,67.64586857193669,18.962927768648452,59.86990803346996,103.59619858982789,22.869457453262783,0.0
Polycarbonate,7.043901162835704,0.022776030747376004,242.82104530056782,11222.757677196712,71.61233082889105,20.812340419452937,43.83444763977003,111.70662684272193,27.45899118231784,0.3926009970826963
Polycarbonate,21.68355843356198,0.025987167604829168,250.83510898351832,19425.201307934265,96.30347211978474,24.702343424460313,43.433217989486465,123.82032939176264,31.125570528240498,0.0
Polypropylene,14.14469273424989,0.045336867707865866,246.73780855482823,17105.71804129573,62.22211762298655,18.763688737865348,53.71482861174039,122.67430536385632,28.72040100063321,1.7474230530364498
Polycarbonate,7.120394722590591,0.031125034106106723,298.87686708323866,17969.102755960397,62.83196580613124,24.439653636868748,48.42363929024848,116.49475792202409,27.980981923223418,2.095663174976498
Polycarbonate,15.642934028118034,0.08207706010297537,214.72013149930734,15035.895534012052,78.81901078622886,27.58255106181648,48.43187563228672,76.84325521651125,43.08427947337954,6.466838445169402
Polypropylene,19.58951689086713,0.007976424737383463,256.9829857089236,10134.24166732194,95.42683077084627,19.53485482724915,66.63104323086691,111.96934184524937,25.360297409773523,0.0
Polycarbonate,15.16493397531813,0.03128174763610185,225.19196828624126,17834.67607420701,113.36388916234918,16.56426812038061,49.708304362886715,122.90040768485161,21.121452311199626,0.0
ABS,20.0428440057199,0.05016835664986785,248.93303119188872,18423.057985453856,51.860977714087255,31.06328898464332,45.05992300115504,62.36583925113895,44.037749338937175,1.5497188111494993
Polycarbonate,19.343536160106893,0.01260062644327474,214.67345839836898,13166.834922891441,68.0284377524647,26.158679152710505,52.802690209160026,125.21870586412548,33.49822898453489,0.0
Polypropylene,16.907679175424157,0.08678775054408928,244.8497376503292,14408.74814512578,110.7100435909018,22.24826453209956,64.30049433492974,82.12764255199752,37.79878430255671,6.993819697499853
Polycarbonate,6.609612092071897,0.07517798896089123,198.1326027850775,16794.891368454424,138.69249428265846,20.976895976742373,48.37550039554337,50.858551855105674,37.92339710909208,8.53242774070688
Polypropylene,25.4260547840176,0.08956185321830501,258.6398636490953,19027.767657100554,94.72279627848798,24.04086448953538,54.41260778754412,112.84182286035038,34.77677973872106,2.664812294232121
Polypropylene,27.239063321311317,0.05730050792083449,235.86162301929528,15555.54075385636,57.39111558516214,23.72452033395738,45.77542351800823,97.32281159757356,32.224661562748665,0.18608683117924418
Polycarbonate,26.449389000108855,0.011192857221929978,262.63380981008254,19849.98686895729,76.61367221712311,24.23829966488499,50.52674616360005,105.18542910293661,24.719040627946875,0.0
Polycarbonate,14.294171895239817,0.010418793267139868,266.1555663217827,16654.10050514912,63.49035481297089,27.550851173546654,47.838602734877114,103.23885072652473,31.329498085906067,0.0
Polycarbonate,12.183184790863137,0.05439456865808607,253.6360441013458,17739.202194928934,91.04283693766435,27.339326961331622,74.06574339969981,79.21584894368715,38.7978207700828,4.338650792399372
ABS,19.31502583042003,0.0930066918161762,213.0317121668114,13446.380759408392,119.65252320437298,31.16184523130896,54.437199087661156,98.08896887855937,50.187129244498976,7.17603230974875
Polycarbonate,8.271965952153785,0.08621349035372158,262.0516651182099,11740.186590711544,118.62885362301861,26.990982539106582,54.92311484348575,88.10761792351855,45.491257880027675,7.440883685919093
Polycarbonate,14.904597556977881,0.04026176965462174,214.83175219464002,13446.90749004388,97.5300600274017,30.290307900082933,51.41049188659209,84.62275434690983,41.57042613754028,2.64570526163366
ABS,27.80415505736029,0.05229105465354309,224.85226399791537,10725.295615414538,85.6432244112771,17.682883185711027,53.030785386115255,88.97869647407362,23.194208500883455,0.0
ABS,18.764038129666798,0.07128168574168374,230.52513194108462,13242.572262388489,80.17124470942052,25.075126161417433,49.497209018304225,119.41884546445559,35.99899042775925,3.7141342391774286
Polycarbonate,23.505749650404958,0.04954308641334125,219.88661975699046,15549.483965841171,101.13604862765322,25.515835929646983,48.58134932892115,108.64132106940014,32.56917141912903,0.0
ABS,14.882790193484551,0.0687146953454412,282.11397317687096,13899.992064980941,113.05082131487643,17.161631771168928,44.004556322246316,105.92590240097209,27.275333789335292,2.8144795741750275
Polycarbonate,20.84530027540474,0.013012170456162733,249.18611964988818,13214.661552140693,44.87215930323039,22.19220661548541,43.93235639835704,82.9501372556551,24.151727125220575,0.0
Polypropylene,23.80787588836419,0.03304009188185523,265.92270049865,10512.028701199311,81.22820284257533,27.73420979196122,29.26845765294292,72.56387883466857,42.08625394902693,0.0
ABS,23.740269630359055,0.009427185042053893,247.56259362502743,18582.315049452307,77.23684580574165,25.70976675203472,44.24736819540108,128.47363486931482,30.305797310691297,0.0
Polypropylene,29.161787601923628,0.06251224541325358,225.09520059675356,17137.49803107598,52.818549619085154,21.022534363167875,39.709346424575415,78.5612617192917,27.128324787751588,0.0
ABS,12.841365387284357,0.04434674468422672,250.4260811761352,19397.149875899726,88.5692013610606,26.82396559558608,64.95766477084501,103.07463409097771,37.64597062320544,3.2643321905925204
Polycarbonate,13.314538154285597,0.06658214466658872,280.851429887089,14055.71712746085,70.40429653291343,31.147261306924513,52.94893312833475,81.80284538203648,43.679879222989754,5.6776630359720945
ABS,23.49173068856914,0.030962839274957004,248.9434022713225,10542.343672799365,88.84618218268336,21.583541255694136,48.13162105819724,93.44827185144749,29.689278651779354,0.0
Polypropylene,20.115136816616346,0.06933143275984412,274.2634366213359,17987.00536494224,77.16374789732541,33.87386556172777,55.40459062035465,61.243254942328974,49.2715205665128,5.373633544977545
Polycarbonate,23.801114640214916,0.023851755736064417,239.47216321919888,13092.023975932902,67.66925283101529,22.852842031795277,62.14501550426986,110.15636966903763,26.606308071156683,0.0
Polypropylene,11.533755354069505,0.025496646038169365,238.42161570953635,11316.470419014064,39.859676393064305,20.380317273464932,51.23256990310956,95.00694622310814,28.476413085760655,2.187251322698057
ABS,15.53636597238034,0.03151704548853572,251.11266786142872,11356.549952561476,88.58964045865183,32.17909245399599,50.181833514218155,95.39644015699979,45.26664895586965,1.8213285410624533
Polycarbonate,18.196372672494704,0.00667251360017974,236.35188788777262,17167.23677048558,67.24933707233717,27.01133769522669,54.37443230297731,104.17205848262388,31.755097149401863,0.0
ABS,24.5732853977388,0.09529618213094822,260.0020072553796,14397.49176427002,57.70334575350236,26.977454683853253,56.09149528958669,130.0491116244369,39.891735700647416,4.2744806370089385
Polypropylene,10.409961178992766,0.05042361787444761,297.2977560983035,17447.8710965656,53.176457210595686,20.736824976762797,64.06506111306416,103.43516018939219,28.161997504435014,5.9413846929161025
Polypropylene,18.18298181457886,0.0698789687277508,242.0126536221751,16387.10308416856,101.58243695901803,20.429863455789906,37.034714325039786,79.41190328263815,32.21254652861738,2.099184392575652
ABS,11.758162991964442,0.016722375727597414,257.30855283712924,18335.00012482293,48.04970402166705,30.23603352181837,65.20557399059979,64.20100696521276,40.775636787354365,1.9867963878049033
Polycarbonate,20.376047862087468,0.06740568546915059,243.43561517744607,16333.698398396213,51.97521389052659,24.289415394305763,26.98515354019257,86.71650592175533,31.652685594930595,0.768997639011368
Polypropylene,5.683841937080418,0.017107357185807245,213.43377783617353,18873.23929725378,117.32757843686746,18.830087018321702,55.50819149367797,94.25245876908745,29.9082068703634,2.4997562749278215
Polypropylene,17.84780320034528,0.03405138249732862,250.7667028199288,19039.476189584235,53.31458018546937,23.704070259547464,53.988030570180285,104.59998871101725,30.341770539916453,0.0
Polypropylene,25.74704470887517,0.011260102191100366,287.5804976687584,13053.054825980475,65.50278165333249,31.942913991838303,62.720704897628956,86.87930707436605,40.22801623753345,0.0
Polycarbonate,5.988806150985622,0.047537989322656994,269.3120150543549,10994.631417704932,67.07568591079738,28.02089102141161,54.973161824144896,72.89191039345513,42.06211714646066,5.034590715301285
Polycarbonate,10.503522090761564,0.018866238074866176,271.36819721420034,18884.3025884,84.55468765794387,16.283665430051947,29.643340548941953,120.50260930675798,17.83876120928109,0.0
ABS,10.55839656790905,0.0018217671572399127,291.0716793891705,16936.071269121232,88.79085704563363,24.852709188832982,65.19012944360918,114.00545737602003,29.503027475674124,0.3556763416433698
Polypropylene,21.862301657459007,0.03922358993844929,252.48135664699163,18279.680879170937,78.75562850662314,25.76180679703578,48.52773080199913,89.60365892683619,35.113075261188655,0.0
Polycarbonate,27.42688736045038,0.04848882624794696,186.17861994668505,19228.467023961453,62.72007442107428,19.623047114987134,53.299371047838704,110.99141977177645,23.18074213860369,0.940194478517004
Polycarbonate,10.023710811081862,0.07150239020437811,207.1445053720705,17882.88803722352,69.85407653753425,20.45810965064552,65.80369509017045,103.29819591227015,29.921193962296194,6.966397193878595
Polycarbonate,23.913456739222298,0.055508638456375686,207.6820706497594,17377.759217583458,66.85077110388534,20.09972190420706,63.345518215335595,77.13658915267683,28.4386342891083,2.184869178137972
Polycarbonate,6.346798349668616,0.0651635155325994,220.87494667260302,18964.241878900513,57.56568100558416,15.058741966505224,48.69367613110982,84.98358992351262,19.10881712365831,5.053070390179562
Polypropylene,9.036297161780691,0.04444174241183692,278.17858333770704,10636.840463545746,82.02122056806364,18.43528803489259,54.34481600929033,125.60792730912974,31.29829538371309,3.3862977395635525
ABS,14.584733826236718,0.08635279115232498,261.3128705781785,11636.13483689243,94.39759775280976,28.742341053388543,86.71017737472066,95.21460116188038,45.605371399808405,8.551189968580656
Polycarbonate,15.05527568994985,0.07794328934243612,224.4559456230681,15098.58296604759,100.4868391959161,28.389041298026246,42.26690064532524,97.37040459413912,41.92899160355799,5.248768854632241
ABS,29.86494688327335,0.09742476022524788,286.76199163732167,15017.54724223424,53.75639620701897,27.198496791293042,50.911354122970344,101.05949332702816,37.91113726202677,3.1861847823588088
ABS,19.070754178220998,0.0023633743251598002,271.7864427201046,12948.823537171358,89.46374072010798,26.97106270446323,26.004700638088984,111.00436535601939,36.7623875777574,0.0
Polycarbonate,22.18880576946351,0.08633385346322221,244.98784990147044,12006.542113610887,58.14739624313643,19.527320312094773,51.438229770168945,113.98551864884699,24.8461390512805,2.0222089572223805
ABS,17.89124644359864,0.05437846699011056,237.59519811985604,14364.88897952206,62.092241157997805,25.393272100853117,61.21652730564594,121.37637675063112,34.56706270450533,3.093526980279486
Polycarbonate,5.493873902651437,0.03513337404744293,304.24852015478774,10912.364654408666,76.20804633385114,26.34613631813825,49.418093697053294,80.71082514723888,35.51775256861287,5.551420024840677
Polycarbonate,28.93520322005938,0.018531757405852826,253.32448094311866,19741.09969338416,75.7208816200349,27.107549276120327,63.16058716600314,118.42215865233655,29.80312252561697,0.0
Polycarbonate,11.320373398579926,0.04406955709543995,245.33875306072775,16646.005077067774,108.92106961880614,28.059597296044927,44.67473660783672,95.38945825884551,39.1399129829308,1.9588923617902487
ABS,16.086738261209696,0.04586429770444472,282.67038344307434,17679.75748655277,112.96566186948786,26.419553543322603,59.25063606074605,66.29736377285931,39.190689378309024,1.917482923998978
Polycarbonate,10.31440690611129,0.015052088065500908,233.63696796334912,12939.070454569784,96.81799457752346,34.58811417100458,53.39771759816374,119.97448468062984,47.454100871392924,1.4205994395735704
Polycarbonate,5.923494230399036,0.024685884126763924,244.01185513881967,10934.31580035755,101.44699856899437,31.247847537492262,60.95518205220618,131.31614665442189,43.72405597928146,3.738778745553026
ABS,15.310506219237581,0.0547591552656749,230.3731573593883,19652.870679039555,55.37057598303265,21.613504736129492,50.399540760903186,94.18666462101498,25.90138226366716,2.1191330367637775
Polycarbonate,21.92773940025969,0.06921833658685121,237.2340191741976,18735.86532414237,76.38938403785447,19.63341656590979,47.00482086563299,99.27692932384069,25.272063333001398,0.0
Polypropylene,11.520891947922973,0.0395698205982757,213.18839461714788,11578.791160095612,57.28066104044381,29.104861893121672,38.20146306867227,132.72328731883582,42.78865666355495,4.835422400131265
ABS,11.1533302185649,0.040991697728610894,251.82893252666597,19024.256119936,86.09985389595896,27.383395941390916,63.52939590643719,59.066460477060545,40.05883818430264,3.5729913888222904
ABS,14.517400868497356,0.07964668289582888,271.81405713059735,16400.34266790658,106.50678796027569,36.907189957022105,43.47892331777704,91.07847826296889,56.53520563977685,6.709563002053314
Polycarbonate,28.907831357742502,0.08272571714201153,259.41306078026855,12911.34603102223,81.30591203399742,22.459516548569006,49.60819099944288,119.87388165004765,29.57488676630925,0.0
ABS,19.577951828433164,0.04565320457516089,247.03606546955356,11552.223767149324,102.44226927417523,27.411386899116934,52.295340644378705,108.76966945801998,39.5943462115793,0.590302446814176
Polycarbonate,17.290030417849792,0.04531946214886335,260.4454332581256,18169.49253856479,69.43454376559929,30.394876479811284,57.89745388056614,95.62421195503856,39.181773055409685,1.1736510219653604
Polycarbonate,5.261323028348507,0.08510417495420522,233.17374612421077,18046.2124147771,82.0932920386366,32.30967386214084,50.89030573966008,105.431181476714,47.364266760067814,9.606874937683973
Polycarbonate,16.845364327459343,0.0477211346237553,273.2194421482917,10020.290240344031,68.84198706432706,28.44746605969565,63.47845867985958,90.44191242026079,36.27738512305778,4.074624390382756
Polycarbonate,28.792191516349785,0.06152108180901221,275.18231892011215,12360.548417264838,55.41982421514774,23.400811336064322,44.75014329581653,98.26464244396821,28.2949821460482,0.0
Polycarbonate,21.857018546813922,0.04811008220179718,252.7557818545365,13772.677225732317,100.47226550162691,31.115402626380465,53.62660199251192,101.54428153368605,39.518488665632894,0.3951931625734995
Polycarbonate,11.459451758339927,0.029504184161858835,253.29819341386872,14734.023737667812,56.64952697744493,29.388091901810782,42.14369403438105,95.55087059282239,38.28507996268596,1.3141658870301236
Polycarbonate,19.03808187948142,0.09234115495858408,245.64251259742963,12759.473003499277,54.82935616551715,29.998185502858483,43.586756792218885,146.00053630702845,41.56149423177111,5.598001519503811
Polycarbonate,6.183194561330836,0.022004334537013132,272.81287097622976,10091.890418547277,67.82724563376124,26.09325834718055,53.32593209029883,128.3261856811941,35.44493628040041,1.9684477295577936
Polycarbonate,25.65367042233057,0.006855818400886199,249.96146144200665,13644.476882615265,54.3769169236171,25.32907908694447,42.84629149029439,65.42219226427557,29.729221723745237,0.0
Polypropylene,7.6491789285082135,0.036513428735269415,264.5413762692138,19149.964526933254,88.98737949113665,21.155154619954537,46.775220679847735,100.04179819275659,30.701772037296976,2.6204141439810207
Polycarbonate,16.57768414243307,0.016954113751988246,271.2745738755551,10087.414828485837,74.99282627623268,24.323557624289982,45.72820707813823,71.1446148952457,30.913844991477713,0.0
ABS,8.523842725347901,0.04939355965282453,213.53690562251134,11344.355604995753,71.58374577735518,27.73929206987805,64.91848370018684,75.02517357562026,42.951591226694035,8.285603585304722
Polycarbonate,18.77641990986813,0.09255714360974737,246.81176810304765,14045.056680492155,65.92629524004873,31.08116216909112,57.526398695184355,103.29768857799432,42.984112629864384,6.097361071735426
ABS,7.685639253759223,0.029497000988959785,250.89635301801678,13001.197979561319,71.35399386475001,28.50236414735125,70.54712560804539,77.29131792540844,41.51915778795352,4.591050179382267
Polypropylene,11.336307276841922,0.06669387158091603,204.22432361713578,14665.658449682705,71.49732140816248,19.992184065815024,64.88378332207132,123.53982115428738,33.97395436852235,8.481564392222523
ABS,8.392512978749373,0.04965219066594204,270.3285541597339,15182.251852089777,104.56044426642221,27.439533122569443,45.34031203141258,88.50137600326886,40.89047344620518,4.299297202683301
Polycarbonate,14.154402745214298,0.0023604468639745416,293.0871891980308,11641.879895843833,106.29485292688352,28.135082302836427,47.803339136619016,103.00363757491291,36.01422854486072,0.0
Polypropylene,12.794816490936828,0.07399210105155753,253.44961318567172,13675.112248845617,77.00525259584,32.25708984572228,57.96134215895128,93.20209901646605,46.37705862918169,7.613785017358788
Polycarbonate,16.20278066186558,0.020618214905060165,239.39338246629885,14157.229939077119,104.84962636360599,27.661837905924852,53.11852077967455,88.70636494828148,36.15642587766183,0.0
Polycarbonate,7.403281342142188,0.09631727971558575,249.3248525928052,16826.86999293164,36.23863444496898,22.35301037718906,40.60590299974338,110.10002267876408,30.575221018895498,7.468698396597155
Polypropylene,23.135307938190106,0.07951897931080594,274.0204259664591,16471.401564824027,105.99029949650841,33.794915750656614,42.35333520547511,129.26052861076937,49.124327465685646,3.410083046762744
Polycarbonate,16.610728673026575,0.04345335140198609,240.3312663123992,14848.90503394352,56.27506972924099,27.291971045374513,61.32114376403554,88.99676583365334,34.20640187531871,2.8868402476591366
ABS,24.476276696905582,0.09531591693779459,186.46073373450648,10970.74792280767,69.82473975246698,12.053427736269509,63.18811572883321,115.08416866643958,24.074285975827667,8.155962685822843
ABS,20.093536635557562,0.08694552231524177,226.55087999663826,19309.009602520055,131.8318782094422,22.815670364930508,38.9728409194118,111.6962546211416,38.55859975209564,3.0988553684769586
ABS,18.144376522225034,0.04978375084445095,259.40300857759775,16522.51860684318,75.04017412116728,29.36426055113557,53.50997948155983,86.85112783661685,36.783111908924155,2.4919738787848855
ABS,6.548365566667734,0.012048043253676737,284.3883227885594,16345.899519272185,65.6578239853992,25.52221623079579,52.114299592400656,83.0941582497206,30.046619016261722,1.6996438254462112
Polypropylene,23.068139774128948,0.08788377211442193,224.20496444398964,19572.317234830574,94.16729938237353,25.49399212460007,51.976323506795,115.43388034837285,38.108958754791374,4.360363303888527
Polycarbonate,17.27537049919925,0.0017532419747282656,252.42541848470913,13687.465622335243,89.03725409262249,27.36080695617501,49.50236710089734,65.26636830034073,30.6022246059802,0.0
ABS,26.994719553940474,0.0806569398828788,257.21072621257906,10667.843255865608,78.11740365593272,18.75827832162127,50.680446762040965,72.37813942131588,26.99481386042141,1.6105985615736396
ABS,11.357987928248201,0.04904195537142778,229.21583039982215,17497.909764989505,88.60795363350505,30.991742903791568,40.40357387515226,97.54457679461719,46.12248405333024,3.7457908678159235
ABS,25.629930692599757,0.08940535558531776,280.86251510037687,13533.791779635485,81.1406221052265,20.294224237651743,52.110032932043005,85.14646527169889,28.621269509391627,3.7122513637464176
Polypropylene,15.830744479374838,0.045587325653160704,233.0978983131669,11974.597913052017,58.12694078966476,20.925701825887874,43.97206875963869,80.19540566621777,30.26608853854916,2.7978891614653367
Polypropylene,27.93617279831485,0.02868312280009446,291.8988005771039,13726.887685157628,135.22621119223953,31.638174138083826,45.13448439183877,88.7933667750027,43.75333622757332,0.0
Polypropylene,19.537463687321555,0.04510609382178989,251.1504006237492,15883.360408916074,74.77195466621265,34.15992207134031,72.3459730378549,110.08013161589446,46.62108230669741,3.914730170384368
Polycarbonate,28.457576534409963,0.07693422552461666,243.41787503814285,11982.568914682573,74.86416633772195,18.339635732909073,42.12239904493223,96.39678090047018,24.135824043654367,0.00799220343537932
Polypropylene,21.511229524742415,0.049519906692707207,238.1496180989636,11745.488516430662,102.90394617703912,39.100201444387736,53.95609272623159,75.68122769677343,58.06438222963482,4.163632788653256
Polycarbonate,14.152285797958331,0.006792155549041839,251.16981479115174,15713.423908558148,64.18374317661791,21.421018655606694,48.036641984795544,57.32395084491554,28.03238569534573,0.0
Polycarbonate,26.703129100645548,0.07036553702138562,218.53894279458171,18280.92226957529,68.65255859725391,28.55893576974101,47.4042631188424,79.386344854335,38.10675733214035,1.1772269696915607
Polycarbonate,20.77872581179254,0.0888997168035434,230.10079080744802,11160.497343273779,81.15118629341958,30.22159500433668,55.63781895582956,98.90440894790902,44.11493716060686,5.464482855333319
Polypropylene,27.926267074744423,0.015297063054451873,216.79932237799414,10119.225271725567,81.73424353910707,27.650428850970243,76.69632907393155,87.44213672273057,40.08865573699622,0.32950398135677367
ABS,22.667531898311708,0.03543101901675759,218.41014646748775,15575.381952776956,97.76074122941391,19.675522611010877,53.1127440787932,109.96080382570818,26.283408509135963,0.0
Polycarbonate,26.312367017035957,0.09367936786057389,224.75573614497878,10862.722651935379,72.87611410338096,25.087685134396562,42.99992313509088,81.42603218854788,36.89646588959539,3.235502137335974
ABS,25.89253962974902,0.042167864642609895,241.691765706226,16258.720002636908,65.24428615735886,32.09380534496264,51.93594256888233,114.010106261837,42.36736337517491,0.0
Polycarbonate,21.86794322216581,0.09002423545506731,270.6399927264951,19908.860225617194,105.95307737770497,20.658877439543318,34.02881625680096,127.45972836921337,27.482494545771587,0.585138996003611
Polycarbonate,29.104404942737236,0.08110547028006526,211.948689100095,12232.610024189325,56.736247033870825,33.44303030563719,53.47815661942381,123.08151288281789,44.271816674516224,3.718334107379704
Polycarbonate,7.006769898363131,0.00915910661597405,288.3782236212543,11262.926227458342,89.16617246336979,30.49434430901942,42.768594015631365,98.37462106614052,40.36412723099648,1.5983786550259356
Polycarbonate,15.01030179657905,0.08206416225208185,234.33289595363834,14319.237935095412,62.095196314926405,28.757603826813263,66.84890624301518,26.28867373392933,45.28760442933135,8.211860242237103
ABS,15.639010248979744,0.08531683987648452,233.34374142008645,12734.751897874634,95.16472573105935,17.042323550271703,52.563099097728234,70.76041843980059,27.65505233119323,5.1286167750600935
ABS,15.07863240047595,0.0049365705256786165,272.59615174597343,18857.929715784783,87.22692516266547,24.986158454169086,70.22753205687707,94.94988938823249,30.405576826757496,0.0
Polycarbonate,13.831096218523657,0.054101910840748,231.76603243572555,11090.969668443433,81.21071435816222,26.56239973724201,36.42928781534768,70.71043586614857,37.67259664145193,3.5080669579920425
Polycarbonate,9.354761333440896,0.05762820439666799,264.3464149899545,14907.901384462055,91.89300975956472,24.16033837742943,23.313572808386166,112.89444142470008,35.118657564680596,1.6810146092544564
Polypropylene,8.73967008489402,0.04412649451374326,275.64284780691963,16101.482639762275,92.53857406002723,31.00626281822834,52.30122113767277,116.77865019347172,42.33451881891962,4.497087728909218
Polypropylene,21.429271260272493,0.07346590788129594,257.8710975618774,11825.660891677782,81.5121390772069,22.751753803989136,45.42842210269231,100.62399209727248,36.92549979992756,3.3091481496417234
Polycarbonate,24.595096595452862,0.06280217933161233,239.74250807109127,12759.616804298312,96.05325210352743,26.494029251436633,71.16279686354744,90.60373714318624,35.53899251521845,1.953961669751215
Polycarbonate,21.972818636600778,0.05260157795586632,272.2020003478722,19905.436785584618,90.69438387204885,29.6974225838407,51.93100002318917,56.68030086616983,39.46028571078076,0.37718277181587545
Polycarbonate,27.79047534302997,0.019891967071589994,237.9511823492674,17451.11227951003,92.9482671398084,25.83173500970143,54.9530719364904,94.68288294342861,32.65764785453014,0.0
ABS,24.79324914474871,0.06030400016989594,202.22765219504316,12035.506748678274,101.02122927690755,31.82228558765224,60.50814764806578,92.45897782683102,46.990617769846104,4.844102435734143
Polycarbonate,7.269018298407557,0.006026388946502877,247.87570844788124,19148.335962312165,79.8107543059274,25.44062815163251,39.727648430230786,77.23782526268994,32.75494644777147,0.0
Polycarbonate,12.512523475664224,0.03943617378838013,252.88139124454835,14084.015376294177,71.48676269088712,22.200337527321377,47.62069222895836,116.54113352436669,30.038119613041395,0.7016672820423345
Polypropylene,24.99735691111981,0.0885284080765969,261.62056586663203,16857.50765776528,84.63266476666135,21.184010433793713,45.08853012175457,85.98583600060773,31.412043767826336,2.3533473869143617
Polycarbonate,29.285187433139,0.08547635655186651,199.92983009720882,13365.370515065079,57.30704319702862,29.49641452907799,41.12114944317486,106.6770713743315,39.96419494088661,4.177988108305808
Polypropylene,19.422575652974565,0.017577824501130088,305.84279703979246,13657.919221210605,50.75100055113988,26.47636995883351,65.16038893823645,86.636717598356,30.754678320302396,2.101247728446226
ABS,10.87470265988585,0.0882647563065006,235.05517146010325,19379.35201867581,101.00769772075408,25.935093914978307,41.98883640409452,115.84738666261133,38.401172955645194,6.116959240172484
ABS,12.564330479352456,0.08750498793366913,215.53690995086328,10723.622839235168,96.10626873489728,24.023885630566017,51.43501726622378,87.44559680158466,40.57949349670488,8.538523466637098
Polycarbonate,7.305311372540167,0.0051490031580263005,231.07633901119328,18151.359535505486,107.29339031012962,25.65594887681312,41.027676125489975,93.32513660903388,35.897600599198626,0.0
ABS,19.052692774072455,0.07745787807534527,276.76460493492465,13606.234233260931,91.09440055090471,22.56701217509839,51.78052593888071,70.83041550495352,34.72197497928428,3.8251219119879876
Polycarbonate,26.073953133642608,0.06640395860979713,237.63388236909526,15022.545211151051,50.88697208045092,26.31653062739585,53.121520473237794,142.37718920685796,30.262970451358814,0.0
Polycarbonate,27.29751199079283,0.003646656420855538,239.39257367066327,14675.911480230097,58.63342086940845,26.624762343279922,40.489921898829365,134.07100038761126,28.180443264823786,0.0
ABS,5.493725905515485,0.0019562783869893478,203.87201541164745,17609.087544086462,80.48389717234605,23.67647827048232,49.69293995266823,123.50351868101309,29.577098054073033,1.1170353441090697
Polycarbonate,19.78043498105339,0.02283271978059964,234.43007968300628,18966.161253929953,56.47065068986625,23.923343401385043,51.59548639323101,125.96321023078217,23.90472799073741,0.0
Polycarbonate,11.841074882489961,0.05052352744721363,206.52006155548173,10805.642623381795,66.92614017518851,14.95928226366968,43.62674216676879,147.62813628844347,21.110263111124144,3.107056219659233
Polycarbonate,17.588323007475438,0.030533945292079187,196.0524566825511,15737.053772545172,117.2499758003348,27.248848596943432,47.74495280438006,123.8012272796013,39.77275528945445,1.114968129766937
ABS,21.996234401718134,0.0424690785497107,259.4998988419371,14350.167473433245,86.76691238329099,29.839807742449295,45.004846864858386,72.1066906022317,41.81049150887621,0.0
Polycarbonate,17.846431569856968,0.05449486345174062,257.351207444165,12165.221849383997,93.85030139444252,23.499820233156463,68.79636849471837,105.37537767934785,33.87265699630257,2.3450735623339916
Polypropylene,27.642740974914943,0.03598093355866253,254.0742151359782,17420.111143799033,82.83014623192466,19.471539036628425,53.97852467752192,104.65897874430553,23.68828835642771,0.0
Polycarbonate,9.318463348970369,0.0304488988287753,291.0904566815282,16252.26726236957,58.16513585905362,26.73505075318017,51.83576333570583,118.46469096762897,31.9389576455285,1.6837363045023768
Polycarbonate,13.123890036272819,0.004127594070967468,271.0880670189973,12203.474301246046,63.89280296806402,24.581305190195806,60.70376033529719,80.34828550409487,31.26910966933862,0.0
Polycarbonate,24.066672262113553,0.036916281108986086,264.7132331733776,13110.493414885563,99.4682316968582,18.60807383043477,48.26278114841067,109.99639463258674,21.16443886571958,0.0
Polycarbonate,5.447192828189092,0.06742365932242948,241.79904187664658,10419.777435842405,72.13015838366523,24.988430078633694,54.68905707889033,106.03993461713216,39.198352649174815,6.5689744485702874
Polycarbonate,10.545890491650157,0.07024499054281036,243.50118152034875,18784.018507836754,83.89959205995373,17.901013034206393,55.52896088528658,118.87346869061076,24.068377525290522,3.542617320315971
ABS,25.739353092882116,0.035742460667536,240.359532942508,10399.194806844147,59.753058998170374,25.562808208832152,42.644829987502554,103.14667403832968,33.74456694996459,0.0
Polycarbonate,15.986079516190674,0.07392278436952056,278.5037124598358,17477.323394344232,72.79785839654926,19.984894193237718,57.82492714459599,119.06361951187279,25.249365492303202,3.260956017519135
ABS,11.720056944649748,0.06002605399321911,256.31577348278637,12619.202274435625,96.2897099354447,28.302915462712832,65.8318732504801,89.14554882935647,44.73209527069191,6.095966378268268
Polypropylene,8.880809086891741,0.04839785987575069,241.6153181167402,17936.471984370583,81.36429617668128,21.485834274093584,53.81692877407031,102.94739560551315,33.804649307822494,4.3467445407178085
ABS,11.176871592194423,0.009949369822423976,287.71781653960056,16978.43998173592,86.08930779164733,31.980669770898714,57.604967349856935,70.32303303607844,42.41207868914642,0.8010410344931594
ABS,24.57789368862794,0.009872543435779112,265.9489921554148,14725.952335959402,87.52817761945992,32.6948517050962,52.13097287953845,113.69567341747933,40.977330966065715,0.0
ABS,13.958580645191056,0.0485693124849518,248.74673693209473,14202.775632093988,108.1265410137455,23.168487585948995,55.96986904588821,105.14516831739202,32.36381626311851,1.5099472008361357
Polypropylene,7.497274198913491,0.05457549632169847,277.998886628077,17312.33169038237,81.44060711829917,22.081326219769434,45.44893622877622,116.69058652001502,30.817098272051837,4.495079419824423
Polypropylene,20.54992402408178,0.07898930900243915,247.61141103348325,18360.525730835318,49.96275676650636,14.78937289245859,43.28738159684986,78.55652360191746,22.717496155531038,2.797133333032363
ABS,23.18399922498961,0.021803651602466233,231.36573618368163,15223.754385672983,100.77002521043653,33.04656381480363,45.706417672849106,56.44331508003701,45.19218636657506,0.0
Polycarbonate,16.065744050642568,0.06252580485761387,248.85273051189625,17436.833940222397,64.74777231129231,20.250316334452798,60.753312260442215,125.13857345634366,25.594318903056585,2.4855450291144954
Polycarbonate,20.78578475836937,0.049709429840488845,284.8205738459691,12597.243467042777,107.3753830961608,28.533976273167546,50.57604092720786,103.66711866565879,38.533440930971445,0.9184662860520796
Polycarbonate,11.894153118907075,0.04346112080304284,255.87154942075014,10671.355371900088,56.893401767202384,24.905880089438856,51.580770963498175,97.56224007487623,32.98639926679621,2.7284062537425138
ABS,25.14419252247786,0.034393581769173474,207.74116028612264,18659.871144289216,91.64979162309525,28.628897941585066,47.61497938410001,72.55240817405169,40.93468720492669,0.023345531929723162
Polycarbonate,24.510171852032123,0.02543968161765733,236.52854376280737,12177.6708639586,79.7834489685006,28.220905753592444,42.823510615158966,122.7537907799687,36.41709495134489,0.0
Polycarbonate,9.079828268765642,0.03007928423908198,268.04355674400557,10640.119344335253,47.74925121895092,30.774050903811236,51.493259860009196,133.32307446155102,39.67392617567378,2.9014098276852103
ABS,28.17017583426631,0.06685145317194542,245.17800025199205,10061.252781470355,54.73822302919171,27.33494084159989,46.54010090930546,96.74048696914906,36.328524494274085,0.8216899610274615
ABS,16.788406820317356,0.036677680774168823,223.07889877683903,16704.07013457919,79.1400881407831,20.126135974157023,26.78803357088764,98.32938263740151,25.554965973519664,0.0
ABS,29.70608438535229,0.026834053302584166,253.96045321102736,18754.85101728984,89.52701004336286,21.950986228316815,40.46305461195911,142.13027327425652,24.664745891929226,0.0
ABS,16.61825961121285,0.02701644615799627,282.5192803357145,18271.17912682632,112.29842315644882,24.075551696053598,44.09726984820677,109.99713108979853,32.747259629508065,0.0
Polycarbonate,16.12295297523955,0.08126850021737966,282.3170638335611,13350.240830274102,65.10102029612041,33.261709065629745,64.23820333463415,111.07848071921936,44.17929756883571,7.404928004116411
Polycarbonate,11.718885200137866,0.05548325899116553,279.85087130348916,17240.49083440573,82.25960551616159,20.367042587909857,50.29708986139854,98.23302871966833,25.645669806813515,2.524038149621627
ABS,29.801061011130702,0.09916744439002562,223.2293319363669,16474.303764933065,89.10599689450885,31.0875783266343,64.52376783672577,107.93776532504509,45.66131619574411,5.076632177655167
Polycarbonate,10.986495692313994,0.07311436879289804,235.68586473190982,12633.783707259227,64.83483516247439,17.172848228880326,54.66204024283415,120.8289977818902,25.519760212072704,5.183466055300016
ABS,16.435431363474656,0.029771581704362105,262.954278844672,16503.650841768624,93.52589408439823,32.159850685355444,48.58618576966385,97.00993873215097,46.339470490294694,1.117368408916135
Polycarbonate,8.396668520934574,0.0847396109018575,216.24492855678926,12849.548211812858,96.74124127792042,22.257707642919364,46.95994306854172,139.68120258181665,35.19332397114298,7.216761257325322
ABS,7.512754926108404,0.00494811932365733,270.1751708008975,17489.988648394843,91.19258059339991,26.829467139498508,53.82538180075865,78.01368401976417,36.472728639097404,0.0
Polypropylene,28.132422440564024,0.09776801161407547,236.7710101845588,19935.399016011077,80.56808156125574,20.72410928740612,56.572792990427196,91.50540832559798,30.396641883564776,3.216996033835786
Polycarbonate,23.914831323667343,0.010336147599367553,250.354621441915,15107.158817457075,90.15556232616645,23.288157929389442,41.23448176375492,113.0481693380782,27.360274569784227,0.0
Polycarbonate,24.838070760907144,0.014205626863625764,188.45122038903438,17866.466263852733,38.3037967882571,16.317924198754767,26.741205971611556,104.94036919102398,13.317569773688362,0.0
Polycarbonate,14.172975185046184,0.08643098456607264,250.99080189230108,16492.477841201508,77.13242850212086,27.15209200182046,58.84166128737321,133.17842698078277,36.31342590191447,5.5538841849096805
Polycarbonate,17.315485697172665,0.004650082343267196,265.3295252266358,15338.098355628026,71.76936508299903,22.48438719979098,46.6986380692199,106.72948155979005,25.793373903001125,0.0
Polycarbonate,20.541746574400072,0.09319347735520789,279.8563530048771,14036.044196650626,62.87060341926683,32.22368172473898,38.286397681203766,109.40332761532476,40.38715860816341,5.081178665406456
Polypropylene,20.138744529116988,0.05059915813627977,258.46452557758266,12778.43565022639,125.02550011155594,17.976948353641525,56.301978233931436,106.27463370607025,28.52148921617995,0.0
Polycarbonate,21.305674851863014,0.09101860318325995,236.59340580622558,13162.71176607765,92.07635415304267,17.78848224422772,37.64317104638005,109.39840544556398,26.60597064817261,2.648405737724484
Polycarbonate,5.224009935278954,0.03391260788981762,226.20847243446016,10540.827361413962,93.354791642198,13.810791281899824,46.13253621757529,120.92268656360477,24.16400446063397,1.254216400144848
ABS,22.494331773622207,0.0821826323282989,300.02453246973516,18773.804810270827,44.32600179128563,29.26271072254705,33.21773100716844,89.67046565793656,34.73098645375371,4.457810811773746
Polycarbonate,21.98126004977957,0.0037231594121555564,213.89946622565768,18698.3847487218,76.85213458208958,21.15791869800035,49.15891110732452,82.2988793024201,24.946418203994956,0.0
Polycarbonate,28.75316454617106,0.009962009196454041,232.48352346082112,10369.414893344738,90.99489634785965,25.716563882070968,61.25666945411871,87.8395667757116,32.013312241603096,0.0
Polycarbonate,11.783817915445244,0.0978474385393678,247.49757908778693,10713.425939466866,87.65869178776704,29.66705093825363,40.3914056154463,125.54403648546867,42.597696849150076,7.620738284387079
Polycarbonate,28.20657653917983,0.08032749005161316,241.90636979733094,14094.80502963979,91.66759866654023,30.962025892805773,68.68430756174322,96.50966145016378,42.08345729768357,3.74591174062173
Polypropylene,13.688994767747637,0.027764409357116288,247.74966274258006,17363.898187124527,71.24093554006502,22.18967277726892,57.46587694432573,118.72712042738645,30.72159619094258,0.4937486078191638
ABS,10.658707889687491,0.051473999812896236,263.5993224100642,16021.28637855799,59.6560240018207,20.80189388799618,51.84100263523191,100.32893552029992,30.20291462177283,2.575404134411763
ABS,19.337361742575276,0.023452374921435173,268.9421631027887,12360.443967797286,44.83794607873327,33.35702105234995,36.458767153866745,105.9467413766304,42.05329833065559,0.0
Polycarbonate,16.76147429804734,0.0031418209694232557,274.4717070287213,10531.372356272419,76.4764087785792,19.919851597654986,46.36694349583152,120.90397562882907,22.886492973569975,0.0
ABS,9.987976393389223,0.08534464022339958,271.740662341419,16882.36840799023,82.87062618228944,26.499531914021404,38.57693552983468,118.80968428347812,38.555186091074994,5.927982192940688
Polypropylene,13.151599859597617,0.015452023355929871,249.50528708801676,17402.84839825124,78.15163316559378,30.52402698484875,50.881353284969265,113.41197085152099,41.360871020210865,0.008129444837876088
Polypropylene,20.224149306584472,0.04131327829282589,251.2188048451647,14584.82348062205,78.89551770800747,31.749016147583617,31.913815818389285,104.20907695767936,43.95946212294747,1.0714953341217126
Polycarbonate,28.689454872477285,0.004089252778926161,239.74176247237438,16851.783456411722,76.44688026610864,22.314085302862043,60.37987897726482,124.44616863559553,21.83179215350412,0.0
Polypropylene,10.054889782484526,0.0029185082125775985,268.76310823713254,18209.71364762339,58.619497280365096,24.182081527337424,46.29818042829642,97.46118384180012,30.44683761664432,0.0
Polycarbonate,21.69117522881232,0.07330860344044526,257.23149673715716,16828.40941801707,71.75255928857217,22.92017732918641,51.565315870786264,120.14576978303006,26.878990393819763,0.7079319099032118
Polycarbonate,20.280669322191883,0.07770137983025872,229.3505622600997,16612.000786794488,77.80758286148523,17.775020428850453,59.80127981777077,111.3604616227684,26.909780589607884,2.0152196895531067
Polycarbonate,15.406222722094128,0.036894057430877404,250.07267181740323,17679.570435084755,73.82538038781786,27.595465411973237,49.93463456057406,78.5428195705966,34.510277518618885,0.49889679438202894
ABS,22.112317328231647,0.02484870194119256,255.48695764784063,11937.501720942222,60.6998214958779,24.070992672423174,47.237352262959206,79.2525899965691,31.2798658557094,0.0
Polycarbonate,27.417753820011434,0.03944677195375512,214.70772778916546,18448.268835734663,87.07163867440478,32.407821067259455,65.95624045404719,120.0353164209959,39.59841013378924,0.0
Polycarbonate,25.023284323302033,0.0019114576219370644,241.08205018361443,14384.60482590332,85.94268354929535,24.6366207010705,50.39156621700119,134.7767375772019,27.4584609581101,0.0
Polycarbonate,9.331635000539066,0.07175928182282935,256.9335054436939,16339.987202208897,82.9759452427492,24.372623935225697,44.969908353038264,144.46295016179693,32.6570211828271,4.450105546569272
ABS,14.64735189930849,0.04875149599531438,224.19218264125172,14349.060580153866,75.03253697688959,33.79225757100356,49.01037265426678,103.1377908915004,45.57971814514783,4.15913690262141
ABS,14.606312237273471,0.08991708540349225,265.65927816893986,18260.1691284009,96.27460698862255,22.09249486928472,42.56339932086138,83.16107662631478,33.83459130226428,5.416152486480272
ABS,22.16715870704292,0.07011872776937918,240.4399809012461,17206.9566559594,93.63159497640794,25.34243559419857,45.41454727119675,96.47913992061721,34.73380287906472,1.2099844650239495
Polycarbonate,24.420925153890167,0.07678651940312556,264.36121893597493,15392.405783668455,97.54344639103029,18.110583148947455,36.739441067074985,75.93103296906604,25.046583865039025,0.0
Polypropylene,19.734806542340138,0.074631405584492,278.7159491993912,17417.88075615417,84.30760200992785,24.888362940004235,21.477213869451678,68.09560481478819,36.26950647631869,2.964620457108899
Polycarbonate,10.496380788311242,0.052425982073702075,240.573345287555,13676.157111584103,78.10087892944999,20.497406505641283,38.96660116170861,90.6070910211865,30.888682898360603,2.177555089715233
Polycarbonate,10.55949175528551,0.07284934288929672,273.0991560561483,15601.56612421838,98.62695977024254,27.46382012498885,43.245784229709656,107.02522502886973,38.06995395944887,5.374026075862503
ABS,20.647001842944416,0.009764975855915167,248.00729550171965,16971.610736755014,87.11696524412476,24.945070196328068,39.57855293846874,104.22586335058739,30.425203234591788,0.0
Polycarbonate,10.609858664016155,0.050155361312815325,275.473652444748,18394.27549993971,60.864907972326044,25.352846963860234,38.69416643744644,100.95846077351574,33.714005525317205,2.5300559131503526
ABS,12.453352575920324,0.05813285194678491,210.73469009051456,15963.76032244573,63.13211130873183,30.89971777870126,24.02924590940861,96.8189524940095,44.10248569259603,5.294979965636395
Polypropylene,10.647819711510207,0.00569132403361024,250.8687093073594,14651.696047487876,77.78971613774901,16.90438318614097,51.11887431773956,74.52755161194226,25.974563538613946,0.0
ABS,27.524095534248847,0.005733365938646561,244.1472951694846,14916.178534230068,108.09009997542586,24.544985742476747,64.60135348732359,148.66844263274558,28.75193893239416,0.0
ABS,9.754125433977624,0.05319726872854331,245.9769518043015,11848.587325456212,103.73486705472854,18.632474611291997,31.89327164014434,85.90404046640352,31.02247619468703,3.1281238115787544
Polycarbonate,17.747088310389643,0.03660375325993203,239.62142313033942,19387.15315991071,112.32503588296868,14.80298222860355,70.63134751676377,86.28675816242965,21.216313010796362,0.0
Polycarbonate,20.526704462590203,0.011110104639902866,253.27847532723308,10785.274023449358,79.95396158157764,23.83160530367197,54.12545794255538,113.3406927822029,30.710203419800447,0.0
Polycarbonate,24.691100946302704,0.09461639005686048,245.72857962905172,13971.574989072611,73.96345510888489,16.790377512702502,57.56983649806115,110.26457271670051,22.709594201612866,2.5037914959033234
Polycarbonate,13.199276698386631,0.022577322920066423,225.5349805638976,10737.853632890152,81.36632196467538,27.214309950928282,57.18495519946736,96.81019672315202,39.63883487172645,0.9970785329073911
Polycarbonate,22.840668171427403,0.08503886510284124,233.46406567021452,13472.368797129899,81.75979431890443,22.32811800408026,45.76961672803269,84.27928132235171,32.003805265129785,3.1531057329854346
ABS,23.048386193204813,0.09495799315928923,282.10003700720387,18088.23698449062,48.06083580184941,29.403021458551972,40.38942315942673,113.56457869786158,33.213979898606176,4.520459557826108
ABS,9.118345214778069,0.0067465619156960414,187.79080325056628,17562.339827256998,145.52367088700836,22.00826561073261,54.024508534963026,106.41099692399379,33.935310345948054,1.8425332807484565
Polycarbonate,6.213278143365887,0.03945397152775411,270.1292820436397,14902.249701595427,79.43691631863764,15.379908836853815,49.377053841925296,89.63252342872717,20.634582450292402,1.613987206977218
ABS,8.051156040651684,0.08806745334503557,215.82185011316005,18966.884040561865,67.24410115234471,28.160084792899863,48.993857772889186,101.39137535249588,41.48887799305601,9.159072986256998
ABS,8.512947543208428,0.0904677347352017,259.6783726797334,14198.080050176017,89.35668357765269,22.070862258520677,51.0246383910696,125.6961247172838,35.39520854111094,7.367223270375997
Polypropylene,5.451057063293348,0.06872341700907997,281.1397957229993,14572.256427015178,83.23197221387457,24.956256293174818,50.60245937790829,72.51556552745548,38.578166280131164,8.35701203725681
Polycarbonate,21.884151591222636,0.030320333201937427,261.5654328452631,15178.21302013219,97.06174779133296,28.24379287705005,58.89260293862758,95.71466954281996,37.08687217991402,0.0
Polycarbonate,23.089785067036313,0.04385006820652772,310.0409153467702,11226.71401938525,78.02011092197533,28.10117304929834,41.80470090343958,86.56155673533289,36.49050624810438,1.2884881531305492
ABS,26.207959239080875,0.013713015216212428,241.77777360062893,16556.849991595915,48.69877297577775,24.853838931639096,38.66547744196592,143.1944918615266,25.807973993706987,0.0
Polycarbonate,18.58885751465444,0.034586128912113066,265.8560622829489,12077.896338791306,64.39158676702733,20.805470183301882,36.935706864421846,82.13191756642289,24.524574121355034,0.0
ABS,19.728411247381175,0.026915783248608376,240.25895693006004,10045.718442797572,98.5681556938505,26.871848659388977,17.548997544563008,87.14575668501742,39.66895121505227,0.0
Polypropylene,28.655941981210667,0.05895939712641076,213.09543623305365,18197.03916351775,94.31744123489801,16.4337768672122,37.95197110342088,87.64611723110067,24.278061800684572,0.0
ABS,9.679415722277927,0.07053016349106743,266.9002455008429,19689.326001446796,74.10649382172043,26.47216874152852,62.4747782843111,129.00945424288034,35.9808054634946,6.041346456456649
Polycarbonate,13.863799960147764,0.0794502484630993,259.01002053696135,15648.593429952998,122.0795110336839,16.4208587394958,59.943917651968334,142.87558540629615,24.207267701577788,2.8015655004809137
Polypropylene,11.518213486908417,0.016428685702246273,209.03964582058194,17388.6923579207,65.50405743701641,28.014309846775955,65.12509407126252,105.98359565532337,36.48229061895045,3.922529112726922
ABS,8.679773106142026,0.09663376372951095,226.2731255326869,19181.14331424947,57.61498208564292,21.3500088948104,50.22338155096943,129.00669201103094,30.42457600840878,8.00438016524159
ABS,17.072725403973763,0.016510398286987377,243.79511916774385,10383.644883073122,58.71777513419816,23.22818424655723,54.52121311818799,123.97495645308254,30.008944040302097,0.0
Polycarbonate,7.780475826509873,0.04088670490359561,259.0772227662447,12290.256707567058,88.74815314728986,25.59994351246216,55.93812911620788,125.4660502589658,38.733420549615545,2.5373393532711908
Polycarbonate,27.123182354568204,0.05903266287548423,253.64881368880313,17588.399788912437,78.70893695518488,19.022366112276558,49.47723333596035,108.28670904589119,20.494894104183498,0.0
Polycarbonate,18.8275662582881,0.06405746626181799,252.83648000279487,17306.767159561183,86.15411444312403,21.321985659885616,54.15916912093639,106.36932998408908,28.531781208281547,1.08384009528563
Polycarbonate,29.633389547683297,0.023704425359266874,250.15066026836857,18013.611763956094,68.26653385275223,20.214293971524572,51.42714622254203,89.9515218976805,21.615879796016277,0.0
Polycarbonate,12.735189347196965,0.048091782105822996,237.4695637954546,19665.906168649926,87.78554579754625,22.1283769454719,58.29499192314976,119.17475319893691,29.05681633896254,0.983610814785228
Polycarbonate,9.239894147563733,0.0955818955866406,214.54931149686075,13419.253908252971,116.31756108768083,21.76206568165819,45.983954649355205,103.24820333908403,40.20072330108129,8.132380456463478
Polycarbonate,26.693166225192755,0.0607889608626705,231.3716591151807,15090.021488870694,87.13250910291107,18.25677648865789,32.799801734728184,110.65877394972662,23.00540172834187,0.0
ABS,10.517884176098772,0.06598027359367716,219.50100860224592,13919.203343727837,81.75888692877878,19.50609412732849,38.522381810687705,112.82766069987213,30.729676319123612,4.89686769067321
Polycarbonate,19.283078997598444,0.054165656319021246,221.84704924873205,19188.477470853413,100.46698484472795,25.943691794044575,45.70408206261539,81.4403253736732,37.45543613970049,0.7342604285477098
Polypropylene,5.979873208817816,0.008337772596110595,293.7636693929943,13142.680060475446,55.426447382425366,20.43793425878253,44.73162912229737,85.95776512977955,25.666157156583285,2.237392129449668
ABS,29.63915196008268,0.06479995756232253,233.78933660945683,11526.586479136538,46.65339502794786,30.78128417161252,60.28665718866078,107.54773989765823,40.64976298891776,1.924144160657945
Polycarbonate,25.24244595125663,0.06467563158375089,201.03361671089465,14190.893784411923,56.41213019201772,29.926671085098317,49.08784260926296,85.04024311670807,37.24247081388256,3.8512151357890545
ABS,6.548853428146546,0.016926432930407888,190.65986094508992,15785.748554302481,110.78313586199648,27.701271748635953,45.587627671309036,89.83996152411012,44.121422397612434,5.051738666257883
Polycarbonate,8.408454279516013,0.020081699198467837,259.3988489792526,12172.220907071576,80.16067407323226,26.69494095101467,41.334946207839494,94.6984514015004,36.02600342370266,1.0810021042880682
Polycarbonate,16.837402234864918,0.01420755812825288,242.0556602720112,10551.694237307704,90.78098280366815,23.891950237297237,53.69298862754202,51.08299636113727,33.10963534921034,0.0
ABS,7.947569960414093,0.06864114566843454,261.8818807159504,15563.050812833775,48.06525884940406,16.946750060415745,46.30366899328537,89.92463304917185,25.304124722895672,5.264606422651625
Polypropylene,27.088910942729523,0.039952115831857454,245.8907100171682,17720.209766764172,85.5479348610258,16.178897019434245,47.241658037466,101.10212296254329,23.189300427775983,0.0
Polycarbonate,28.148467136652414,0.004442805714135411,214.7890037041148,12617.592962280667,89.03985056643994,26.704375578222994,52.201847925573574,92.82511288465366,33.703932480424946,0.0
ABS,11.971026872538943,0.09528730436518039,257.72366519046534,12516.435223654324,87.54256318373449,21.45329122092397,54.94750364839577,84.47542818521578,35.470303853655594,7.773751384602251
Polycarbonate,20.744958660277874,0.0680697184431145,241.12367748202905,11595.185099276121,82.62075668153759,27.96744247875903,44.15131425100209,118.53536737856369,40.29472698764635,1.853767529590222
Polypropylene,6.372756803349329,0.05395170579163156,290.39704911799043,15771.486115024669,98.61178560259646,28.36425188499516,32.34883172965088,133.44294240276017,41.18483767391682,5.262760739734383
Polypropylene,28.27124575629444,0.08651415757999015,263.30857902639275,16827.579984019576,55.994596049739954,23.269479469710745,46.107195433534116,74.56377006901388,29.999672660840606,2.3540112540837677
Polycarbonate,27.332336430811417,0.04431843657773461,202.78586507572695,12943.201164771406,73.06555106737204,34.15874792783892,51.418791233734176,101.37302334756126,42.990637548505035,1.0776702293149996
Polycarbonate,20.556634976564872,0.03049566338551123,276.81815690949304,10454.904741352437,34.73822706152792,21.752002820814987,63.862033197028424,112.85811866293056,22.068581838401858,0.0
Polycarbonate,25.444243941613365,0.01133927214251607,214.83423122634855,18423.03217355896,90.69767943902829,27.273788843776007,39.94965635846476,73.59913179356226,34.08304340639391,0.0
ABS,24.6017394536379,0.0813672305925196,249.91537971642077,10709.793046283763,67.85565964060655,24.91770312581353,73.44731222560077,119.04096640405179,34.70766854526343,4.436017821613666
Polycarbonate,27.234974370322924,0.09675355785070909,249.20801616024843,12707.845638361943,87.790012076994,15.301057850842856,61.91141115459163,123.39821382394663,20.588813107374133,2.183332925577516
Polycarbonate,12.481270385217831,0.05464794867061775,279.7580301923568,10250.022780685893,125.36102788675797,36.93438638759455,50.208743521277256,124.84637502601169,55.36273681324856,4.3983224286355895
Polycarbonate,10.181544109859809,0.0026916926607902895,219.9629725517754,13141.884703008116,74.58983785663386,20.004941550854777,46.022031467269116,110.14660433562915,26.988507893052823,0.0
ABS,6.969690225224721,0.052439800331056954,250.94814221854557,12203.95915813267,44.073067750089464,17.275934462993973,21.835763984023863,87.50724676398042,26.435207215578924,3.1896798352298146
Polycarbonate,22.693129224134793,0.06119734902095397,206.75165760902473,13303.547940349732,78.82648854330523,23.982640709869106,56.049614725264455,131.29067392475858,33.68159101641929,2.0208937539264693
Polycarbonate,10.120131612062035,0.06388738987006162,250.72971667645473,12188.016367420392,66.3373773055345,25.92844219648247,47.1249611604763,151.8011294777055,33.197071652609026,3.9033764592341758
Polycarbonate,28.543069122065372,0.07100080334292386,226.40036730194637,19753.232210626316,85.58655234630069,21.15258731042592,56.81424053871146,102.43356591612222,24.180155535830185,0.0
Polycarbonate,13.659523589604254,0.031241932744198363,312.09246131782936,15643.225735807446,97.10316692692452,20.343618317600317,43.381025897567284,88.41643032690217,24.385740774528536,0.6080131789867667
Polycarbonate,15.879285981191472,0.006865673757518477,228.58612193136275,11430.45939313951,88.44211793958527,14.310661636270654,58.12679790096,85.78941537135354,18.991783921584485,0.0
ABS,20.076136342525217,0.02979179703243318,244.19015731986195,13571.839851154362,98.58452057604026,26.075066386846068,44.52985908015481,93.2594422298327,35.14981203256162,0.0
Polypropylene,5.200944621531734,0.032827494295686904,227.7225014272814,16477.41324805258,77.12991369327422,26.148856224927087,52.62393973246421,110.38905199052815,35.64743122789037,4.6941886578135446
Polycarbonate,10.748819200270999,0.07168505366191408,269.73783673383747,13394.346609173668,70.65431421752083,27.68303552689906,43.66523099527224,99.14151182994043,39.412966434011764,5.430866897442096
ABS,27.7996660736921,0.05361316775182966,291.4721706263013,16347.530851982012,62.0528248974679,26.690467373689412,48.193605402934345,72.56512670947984,33.77049762380297,0.28426109252917237
ABS,14.457176657557051,0.07228339008539068,283.6176310548131,11392.392660215877,97.33681629210199,26.14437280031647,49.192290557565165,88.37241814062003,41.051452369646725,5.28211497954527
Polycarbonate,24.845175731197234,0.04225356062608055,218.9695744084167,15226.542178159605,122.4531686126242,21.295561267761048,47.91140754368496,108.96578418162571,28.515520336281718,0.0
ABS,17.553240160443508,0.02621131017837441,241.91860522568481,12620.235684039575,82.86772533927495,30.499438424983722,41.419771827557625,104.099024483327,42.054471438813785,0.2717137041832974
Polycarbonate,13.757283900686415,0.07788926513195586,251.68366117160852,10352.70878303657,56.68505706067684,31.334051524628563,43.66263133836059,146.57125987296934,41.98116029378224,5.6425778088104845
Polypropylene,21.225350591487867,0.018848601246305937,269.2448299320699,11796.34848703032,86.24102969578958,36.136574295558226,48.064901998895806,69.91793649110846,48.252712435533425,0.258386555398339
ABS,20.942995306329244,0.09413561098732091,252.91544911193895,12151.624389100183,81.64938947425375,36.02296012240976,50.888813462995095,93.07346796338658,51.42132296456586,6.687591119685779
ABS,12.181150911350276,0.05108210267444969,268.85944889330455,15335.321798259658,70.03973838808842,31.542499102965124,63.71081629682416,110.81668871733623,43.108036576630056,5.453087433801193
ABS,6.795673531902847,0.08225669820698671,229.8191294184106,19967.46413023682,97.89821087183515,27.01932244009961,60.25769758504097,81.84555956274814,40.890979350379034,8.391524253584043
Polycarbonate,20.946024292064926,0.007892504580300125,290.0062517099659,10657.426658506041,104.41117755657508,19.010738942282245,61.996348326295184,71.6158649813395,22.103144411943276,0.0
Polypropylene,18.212347552225875,0.09837501139741062,270.67356884276757,11120.229149019773,96.31515166192682,16.199610734646953,51.73588301939615,75.07497558050375,30.763972428384672,5.874174412789932
Polycarbonate,9.69481484865775,0.09264949918054297,255.70979225775906,15083.941266517737,71.35391224727337,28.970403017236368,36.17863386374124,86.15721225911084,44.335917220741045,7.571401343817438
Polycarbonate,11.090229936933062,0.07179768739194792,285.925152693137,14846.094354598035,109.81389283823773,24.76711000063252,56.2946056900831,94.32329037013804,37.18273429291314,5.298077033272745
Polypropylene,21.279210379659997,0.07126865034373595,218.69069830421674,15819.345699715861,93.32372855443506,23.039869376474094,49.678261126423486,110.34947230454016,35.81304998534203,3.8475678717824113
Polycarbonate,21.578565925228556,0.07292733272821021,245.63142111235217,17686.918633928974,73.48020025847813,23.404700099590286,74.885871167012,75.38781750818913,32.61912472088779,3.7279466593258856
Polycarbonate,11.372299187285213,0.09155804721919371,271.73873797214077,16009.885568758764,85.18496431471925,25.109994434278516,61.266562558699675,79.99967388217432,36.40705769075854,7.982852152273947
Polycarbonate,17.968502094371747,0.05083193463411729,230.1381506379342,13247.885505758682,80.88467056593998,44.25435918353363,54.6628153784526,109.08280166406666,60.71448225178583,4.313307564137397
Polycarbonate,12.589225851556794,0.07695631409498517,241.689572051892,16139.897630769823,76.7530907552326,24.868348165260716,54.87136122061953,110.78347540090311,33.3515739494295,4.8781073563226585
Polycarbonate,22.75740947382741,0.06956005504558994,251.1018004568358,12152.496199392943,102.72579636021933,29.60290957598442,54.53584699445173,107.49905394265272,39.6107388530268,1.6663214071200596
ABS,7.784776781965418,0.018236059422463414,240.70368949281803,18860.38787628826,74.44193181531637,31.761308886220583,35.01698272960355,137.86522179366614,43.205552139985784,0.6929589573924521
Polycarbonate,24.70080077689034,0.06468910012708454,236.30858361493475,16544.77966192057,66.35976360593055,21.565681832778438,38.93197188986502,84.07218206702215,28.104904787869536,0.0
ABS,18.23210385542177,0.04733667120878877,248.92663653102971,14127.797990500008,75.9078810222413,30.810859459605567,49.01929370879482,91.95367213673259,42.848079761883604,1.8576593139064315
Polycarbonate,9.897105737317597,0.013893941934878962,230.59354143967005,12588.544351863953,80.58807443432222,24.683714717929707,54.81115541151408,112.83943411295763,31.84168832101739,0.23184718462433568
Polycarbonate,11.00605013908584,0.08101223323937151,239.43555586035978,16669.699810306665,63.99857492560915,30.518040001700346,54.08000758383886,100.29467729567253,42.950770408854524,6.8638083082762105
ABS,25.156334754815006,0.054621635682824556,262.19471000714594,16588.558066368343,96.78526430562039,22.233072548898114,38.091175433253,82.9680603224796,31.457950508632546,0.0
ABS,7.262211794055907,0.060291500972081497,235.83544816719933,15675.389280320123,75.92853247893365,20.265889604841668,46.577004012945075,142.14826385786026,28.69264427017098,4.739453466078376
ABS,18.832048831347155,0.046641790163748045,273.6695258507954,14895.085147278052,51.80613726450609,25.88985085190081,48.911480591464894,137.43877249243752,31.278564309239748,0.7499540080567375
Polypropylene,27.593430432020682,0.08528590226581365,252.13341719325152,18705.294254384935,91.1298938223987,21.152543031917368,35.1435630456551,110.23460074834739,28.20121845991406,0.6007843123758296
Polycarbonate,20.16490421386256,0.061485697138507135,280.88113811145905,14430.360687053148,106.28662155266643,22.1452535560453,52.88972587588206,86.2848697820517,32.646646487694504,1.2673724702556266
Polycarbonate,29.098339207704218,0.055376799989458575,238.11736379424443,17401.375733363933,53.81857039452211,19.719460984230828,54.5350696110593,87.12606529584308,22.008850746708987,0.0
Polypropylene,10.48007914902566,0.08945592198559893,271.648582426415,16875.78847005061,87.79248102459951,22.10830236570616,46.14145427808069,129.34552261288812,34.670194814265564,7.219295207716896
ABS,27.400615388528884,0.07259888023162595,255.10539752854322,12748.059995801446,70.30500977841096,25.3062830051715,52.31885861240839,113.80655411212449,34.334575051887136,0.6902826233527162
Polycarbonate,29.10910283963442,0.008682662707695233,226.7078607419784,16097.732255487097,83.17070081000772,17.26462089994434,55.91803732436271,118.74012076897074,17.41558257408184,0.0
Polycarbonate,27.914382357585907,0.031063524998369726,252.7068433271452,10222.611019891776,97.96165070132709,23.214493640040374,64.23405541752764,101.68556515329624,30.524670177780344,0.0
Polypropylene,26.580243100803244,0.07067631973206083,234.31368360362893,17852.472966860914,77.42501178810947,25.080618947756943,35.9329287224394,101.64966790896086,36.567266253534875,0.3556487041374218
ABS,24.853482525706273,0.046163516917328035,253.82078059333136,17856.70175184583,98.38532520195074,20.091966768580026,46.453631676018766,130.60012554459837,23.404537925181355,0.0
Polycarbonate,6.950737690628399,0.01058307025417066,267.9965303323437,19876.196729252733,71.74332628693217,28.316791278898492,75.19073802349344,77.25582457339875,34.661586720494,2.0567606268972525
Polycarbonate,28.30663342029188,0.07879608089845387,236.51506709539416,12093.611686208977,89.86574897091194,34.86270111279612,42.25420393536909,109.13156545830472,46.883975209477654,2.490174659829762
ABS,12.921086535849156,0.01718166882808764,244.01102680730884,17005.405702257944,77.49981557244367,26.011745506474362,57.10385953564683,155.11955462076733,34.066330460671445,0.0
Polycarbonate,6.145484556722254,0.012010403656889088,277.47812587474647,11051.051581699403,73.47451122368096,25.99769138221469,40.96300382199168,100.66232850326288,33.68868017540302,0.852983629855918
ABS,25.696478857120816,0.030926002069739243,225.7487359560088,13329.86604128819,93.96271529845791,23.108731807007466,39.948749585995294,89.25333032587207,29.436974642739166,0.0
Polycarbonate,12.552836987062975,0.06460961579662468,270.86659740601783,16698.888292733587,77.9655356170234,19.597771226967126,56.1636555404298,112.98893072252766,25.976399334358508,2.4794286540875534
Polycarbonate,28.531803862385132,0.051072205261428895,240.73518433740043,14544.970522854801,45.5764663125619,30.377824374485158,50.085896671343406,84.86967045766441,37.35846139507752,0.0
Polycarbonate,22.506442404500113,0.01068508791281196,283.610947871841,16522.772499239574,74.98493702364846,28.197526635610068,55.54772983077541,124.54413753402787,30.99619064564639,0.0
Polycarbonate,29.201600742569962,0.0907506319898417,220.50380343512563,15546.834694747806,52.267798233937725,26.305101016438474,61.76711201158113,113.36122315906357,33.55480317074888,4.071268990555073
Polycarbonate,16.850524283306584,0.06265594539445855,227.95005429574817,11953.18543503786,64.70713112741927,23.62254352129192,49.55075691404276,131.42414321881932,32.23434698863101,2.579044981271397
ABS,17.859973436157247,0.055197581562354,266.4448976392758,12955.249883451792,94.65841650238949,22.46301938377654,45.49442456874348,114.04007192122197,31.22349869951868,0.8061676982611498
Polypropylene,11.431102481290798,0.003983789867194831,268.05431762069753,14054.951217782153,74.79701728863319,24.047614131330157,41.03256251148329,90.3371829690661,30.823547766899814,0.0
ABS,24.092965451010166,0.08954044883409662,252.21875378980045,14526.291223112323,72.63751951111706,22.48085762622417,65.40406239864733,114.99579260732663,31.862804734131696,4.24603671388948
Polypropylene,8.231358646729038,0.07793361090084196,283.79090612184905,12961.13879652728,77.419009137338,28.067170214936578,44.35830751469028,93.50315119474178,43.02217496824336,8.616040424162517
ABS,22.292256197414456,0.021876228622097975,223.52089691710094,11222.190125913956,59.138059138422,27.61974971737787,56.429081252089155,83.23551804281554,37.767333630563954,0.05245574953225829
Polypropylene,25.85117386810736,0.09370164570378509,269.46572047418164,12212.632306959667,73.14559490475521,23.93518975248685,48.080848338866396,100.0207733966387,31.629763482097665,3.8876943932931836
ABS,7.87035868398833,0.09705242637736189,235.53304979754077,11012.040048100975,64.86169978498428,17.7374722010546,26.32952259243654,111.521085999824,31.899240282618702,7.856537659478075
Polycarbonate,26.32608001496669,0.06506321304841489,296.82227059382666,11433.037018122128,38.84949731218427,32.321231242365805,50.34993257327108,103.51610333485846,37.45439198228337,2.859088042898814
ABS,12.392122732549087,0.06858200646144709,278.0612068018668,11444.292535332514,70.3910360169107,28.073725099636643,63.98632870362168,88.2987178577424,41.3483057071604,7.250016222008999
Polypropylene,12.53808358220913,0.08860593219316869,221.56606714902833,14340.981782381696,77.80693171104858,24.320027779719197,50.18483553381002,110.72213259662226,36.48754087838914,8.090395273572959
ABS,25.723337141187358,0.07210250718010618,262.93887663545837,15217.550485666501,94.06712513112531,16.313250002883848,49.898565616156844,112.90411531778443,23.58096132926973,0.0
Polycarbonate,5.68515103755922,0.07895173697187015,274.81263050980874,15640.401315584486,92.87438066614476,29.7037013216616,66.91369204075457,104.54664100382,43.28756617825374,9.04840490305447
Polycarbonate,8.21241952518759,0.014937039928706836,245.5276446906789,19282.957701939707,88.91793127591654,24.05956168161924,49.25166616844492,74.69125322839697,32.71874264589586,0.0
ABS,10.99584841654017,0.0010807131337168022,205.35563643593417,12867.510421884142,76.29583392995048,24.796544651819005,47.65078393182479,84.1750181869634,38.6582872878118,0.8295525673719331
ABS,26.039949355562523,0.018138469165971467,227.65753409611997,10147.105773136911,97.04208841609668,18.222474834976296,48.695304535628644,105.63860027107974,23.680028629677192,0.0
Polycarbonate,13.822370060705719,0.05380148023309321,270.36529866730393,14852.105865951093,60.17464696025406,18.43906753433153,64.63401200967992,88.37047261457592,25.998358472465874,2.9320457160254176
Polycarbonate,11.079547054636281,0.032122452764479795,211.57112217312317,16201.811612169542,102.32860192364187,27.860661919243803,56.236546688274636,100.12923277619988,41.659210097071,2.359823905157075
Polypropylene,23.174603501569596,0.06299553890882482,295.46542558348904,19328.57220917652,66.59405065915689,27.879227302327884,71.44791696163543,127.48209620130412,36.63131681000697,4.019547191584807
ABS,13.02475596408593,0.0079746449380828,246.33657045578218,14614.049219158424,94.09289338318179,31.09578948439125,41.45874785236346,91.38357960261648,43.15675686122335,0.0
Polycarbonate,15.766705803596327,0.0665526358442484,237.88878020250257,15562.561388007778,88.06419382371165,25.296912910886007,62.30100419473111,53.03456167969092,38.30665034093744,4.768586631203541
Polycarbonate,15.494509546523059,0.08511529964993025,267.6062435796394,11437.754971402173,85.0290973435144,13.8894958333149,39.42973776040899,93.54894756075637,22.561923176782887,2.8543171024823066
ABS,12.728095085577305,0.07848656665323933,223.3431968138101,14230.986603378133,103.2955892622613,26.324802107959055,46.21088027184254,101.72569809109659,43.54025288116567,6.448084382982519
ABS,23.224441755473286,0.023257544344522495,263.06055169517754,10580.26715959799,88.47532351151388,29.861905785059733,41.61563221967981,108.70601355011473,40.16185857586438,0.0
ABS,27.54205645117221,0.058058334838067806,243.78735192531448,10816.922583323141,49.73791354042103,24.27481479711082,53.173129044259255,117.32456629143584,30.43622897264102,0.0
Polypropylene,27.219618727493476,0.029939874761815633,236.18550494979604,17926.103301679694,106.66552990739935,25.999810087803915,43.17372248779338,84.36046170086264,35.19248921043075,0.0
Polycarbonate,16.723282536474244,0.06445550043629626,233.93909465730474,17182.537376173117,98.03637935354317,20.88658570776245,37.53048310958631,125.69505857806959,26.95175456887265,0.7958428314880971
ABS,29.507164416055787,0.08017532045365605,212.46457210028706,12596.871808990145,96.9017476366722,23.760030518060006,46.94008292627482,118.21294843972608,38.897267320291185,2.024106689729145
Polypropylene,18.448083378649283,0.09894273464549125,238.11400788172452,19112.836106376468,71.96413887174765,16.09302437412392,51.84812103842689,92.46634967052647,26.64214039485455,5.180110235975537
ABS,22.541482559317267,0.09998734385533599,260.00577231740294,13521.953485637201,107.04230265238738,27.6255258129526,60.26945392698721,134.2176129259729,41.78000280670368,4.402307523432627
Polycarbonate,5.055125133742612,0.055449164104867,234.91397138442923,11781.935503610626,105.39871136021887,34.476199264725494,38.28343210451233,100.6704472685151,54.497663106268355,6.008998650816068
ABS,19.4781902948231,0.017275273436486608,242.45534301464104,17109.63408961923,70.840542936227,28.298541222951936,51.03828827440218,132.14913764339101,35.12007740070491,0.0
Polycarbonate,25.86767498724593,0.054116420535484856,253.95091620035242,16052.383956400718,60.81880494698299,30.21886867144098,58.08274403636639,103.83122897969454,38.50544757919028,0.05249855865836406
ABS,6.611472076826356,0.046480091456871944,259.77106933731744,17107.513815775448,62.78665469960576,24.189840240425312,48.38823747374828,74.36318956813227,33.52316205796339,3.7116642314199715
Polycarbonate,25.894650358251845,0.08479612024753046,286.23044713408683,18636.371583786786,83.91949673869232,24.136965210780538,45.06513392285361,150.92057925393846,30.927284607565802,0.6002774583748058
ABS,18.372010283393763,0.09655469529521112,218.80409569147275,11157.807266612395,64.74894311098814,32.98125316718693,35.843969788286394,103.76655323873646,48.105502744670545,8.418609345636888
ABS,18.63542286228097,0.04139840573529493,267.483862736436,10423.807072012705,63.18816026547253,23.675678060302793,52.21277643138294,88.64809527567104,31.944300701999275,1.2529381344169048
Polycarbonate,9.595742974124933,0.016855006349478823,252.0409842320381,11346.800031792884,88.09409586503307,23.353491634799227,51.13999348349226,115.01908705864672,30.786559365691343,0.0
Polycarbonate,13.063152524566611,0.05323764452114049,241.02284247144866,12736.504873235572,74.53721993465388,27.59046561884029,45.66265444469467,93.87430708290675,37.642413777295594,3.2317569503964885
Polypropylene,20.111988497691804,0.01778627276796874,277.72556927653045,12380.610277598535,111.18230913048731,16.86483585693248,55.593458020640114,82.91872759014072,24.317905370753493,0.0
Polypropylene,10.40908456506343,0.021407100731489454,223.10168887467387,19042.679217962857,56.88531501383629,30.16010783903261,43.37580455432201,67.06124922752242,41.55733041695414,3.0394539383175365
Polycarbonate,14.295228644489612,0.03630558707590258,261.5266572229864,15412.516659647474,34.72008949015016,25.946016985356692,50.2173282644193,110.57483204736423,30.08492326078685,1.0177641980838414
Polypropylene,7.338246500383226,0.021165680288706693,248.39723823400286,15540.681833855439,66.26972927785945,26.83237472241244,74.20599978994251,84.52028154791674,39.188360252476556,5.234273766753762
Polycarbonate,28.558070485389283,0.0042899743447177546,265.1656425962517,11082.373651063703,73.14086327507336,32.30021892050513,52.28645837303277,98.4093289647489,38.76467428880322,0.0
Polypropylene,14.595061598284568,0.004924827960279456,259.01097882428576,10433.641662641958,63.16137936996117,27.001528464302623,67.91291666955364,104.64307410565826,34.78731188379754,1.2228669202427318
ABS,14.955319674632012,0.03652582392167374,248.2318384956594,10658.681309250152,77.57712832320011,34.660981662072274,38.44948301359714,124.99751947497788,48.27789459045081,2.397731099299023
Polycarbonate,19.643628447411555,0.0059047423738774005,240.11939740702417,10998.764628743735,70.34450515931141,20.673495977194374,40.794321396192686,127.19699719886727,22.55133543521651,0.0
Polycarbonate,12.569879379327816,0.01986249567687149,228.32009673223357,11462.529086814347,64.03160750366683,29.6580632955952,65.36421164064495,79.41417116215452,39.05397676416766,2.699569244127958
ABS,12.77730886816362,0.03834012336417766,272.43026851894894,14025.512200753243,68.70290433634769,16.63500647185836,65.89407956260132,95.64207382230501,23.096544259336827,2.0480936658725746
Polycarbonate,10.50088412295479,0.05395256056971716,218.84085493553548,16263.045637848136,115.93985830873609,27.13155133146598,48.34734169910714,105.32330409118383,40.79556645820068,3.5373871890857536
ABS,13.594366977425713,0.07541526381254696,239.99944573304353,17411.352519083743,77.98064716952575,25.954180216882655,60.83441948832321,77.99045355239035,40.05500339094426,6.6004377283321345
Polycarbonate,5.011838867399094,0.00557613907572733,229.37926862227553,10629.534145857147,80.57665866287101,34.34759389443798,54.156617877606855,87.98858151701695,48.98379206547115,2.793644890457298
ABS,15.90876403941129,0.0024357128591765147,314.810473894499,18648.231585073212,86.8709876825731,33.89232102306349,38.99964176991753,97.74448540730782,43.09140887934321,0.0
Polycarbonate,15.850376001013975,0.07026093268109515,289.88796266429915,16149.633234288602,103.07078384997746,17.719290540308794,60.11505679341281,104.26251409117809,26.677901744483396,2.723562022018787
ABS,20.39815325108539,0.0011412129978904998,230.00354580672757,10036.519918628717,81.86078244835373,28.60503458521868,67.8935413893694,107.70286851948195,37.07626840210016,0.0
Polycarbonate,9.24834545152557,0.08764041625066966,268.1878688606039,12731.952470098639,80.43786373775536,24.192142354351052,43.9739748736585,84.52364533714635,39.08448946293196,6.921629875547588
Polycarbonate,22.454606695195242,0.02742724290423963,266.0941215981403,17099.724779086253,91.53856442582475,25.321902111313378,44.4644477831927,95.3289419573016,31.184332747491077,0.0
ABS,15.197424463950174,0.006968198711083775,235.3704586444017,11693.752731216719,74.89744148334479,27.554516958882594,47.85831677972115,82.07615947850567,39.319648028137955,0.0
Polycarbonate,7.53794391485275,0.06039503436703595,251.3220077051283,10751.012944834032,60.54202853893133,26.851563087977006,47.79020707759091,75.56160461986332,38.218056743919306,5.921332794998032
Polypropylene,24.382270380935662,0.015340993345047696,238.18521906635118,18135.109744565587,78.37909681723735,26.45711901451998,37.48004724206117,86.33508863610375,35.53366396808668,0.0
ABS,24.584096094980737,0.03585590761494229,253.15883372501227,18586.951132444316,47.87020602084343,27.399564428372457,25.53934606183761,76.04626060155594,31.905664769478754,0.0
ABS,12.051547863732019,0.08756160223426392,247.91292942299262,12337.502303147108,75.79165420295188,31.71447478405087,51.32671398665129,90.71138614852703,46.96878640800338,7.861412776952162
ABS,19.80142035309583,0.03781253142940724,244.09347666630228,19510.011552806765,86.76919871159743,23.975558215968633,51.67694724302479,80.300708380195,31.94023495347651,0.0
Polypropylene,9.164888016643989,0.021325267961510287,268.1735937883377,10548.375569281337,88.53438141774646,21.495696385994318,56.94213693952821,95.89764130983825,31.85424209012592,1.4177508945937374
Polycarbonate,23.094311076135135,0.0280712325138862,264.1340033825712,10972.784599828645,111.2752717910544,26.735392790522475,28.75916224272541,112.7028318482715,33.31356043975635,0.0
Polycarbonate,28.456521049815183,0.07590489059517289,283.90927955004105,14126.167156519581,38.612634651676046,34.16481776067411,58.55516219682029,88.25085919398222,41.41857889552976,2.591229823620907
Polycarbonate,27.236453887838394,0.053790413426891344,251.15481326383457,16164.320327070214,73.8297308169214,32.07104684773938,37.12355008672054,109.27675924187534,40.669381677874284,0.0
Polypropylene,6.955105491889047,0.0820443252394629,266.0129404482622,17241.32490372873,70.39236066843887,23.67490030527418,44.31456011478054,105.37675208151774,36.12752475200806,7.822299970842631
Polycarbonate,8.824098424984435,0.07053870682309787,221.86561127364124,15774.80183903001,80.1123624984217,22.30430217490488,53.85924025028698,123.39533998309466,31.07993319212217,5.628036196082856
Polypropylene,14.307686057059191,0.04774091854563621,260.5350085953848,17872.123712403612,77.33686551111474,29.76002927796327,56.62654202779109,84.25428996890268,42.09562665028755,3.4873123303255626
Polycarbonate,11.90968016947229,0.09497241756867941,256.3982944653905,13326.854908469762,78.19013342276081,17.552738363487915,43.07458373881627,76.80833415355022,27.400035386517658,5.507086510776148
ABS,6.621302020322254,0.04807479262172426,271.3582994470311,19892.64202980057,74.54958254179529,27.878667784295484,52.781685540958655,141.57778870683703,34.23404460902607,3.1953548163391376
Polypropylene,17.353688505738866,0.002466709580277807,262.15313172054186,14122.045343879361,51.449103602492585,33.616300333211335,45.6173180130473,96.57239415983625,41.46301179270328,0.0
ABS,24.201854657866203,0.008783743835066398,240.23228094948405,18818.323956759552,58.7357146868631,33.821093105799214,51.149740150801414,107.31050741060301,41.242716754517765,0.0
ABS,18.19197570740587,0.0858077712144477,223.25732777911472,15336.952015044832,53.8999833031721,17.772954703515815,43.05844419057861,75.06423631634752,27.91627925242837,5.312991611844787
ABS,24.88571461203662,0.04055967950706411,198.39910422048519,12812.706386237,75.3650548441565,20.276409950434434,46.77365007050751,95.38359157872216,29.065426026305417,1.2247274086838948
Polycarbonate,12.085325395075074,0.035875964699234174,262.49285137618955,18145.67160445097,75.75024394242072,26.89169850546945,45.12922591052442,90.78821006104484,35.890022716542106,0.6375737853256315
Polycarbonate,7.122662994354139,0.06854960181369386,251.72321178527014,15081.044384238812,71.8844781401405,20.951251136220005,40.59748588692909,78.50025561456555,29.761994590630014,5.006002410330912
Polycarbonate,25.12689819599442,0.02843199803720147,152.27455111728005,11834.870279273302,85.43372666147573,21.016113979998643,40.28144069275423,72.38363775662054,30.997954193535772,5.424083322727298
Polycarbonate,15.306029500673302,0.05273604927257763,216.28237305082837,11002.91871816498,83.23978665311711,33.071202697733256,49.93558255858313,107.78052893507405,46.895080967036364,4.812542742693716
Polycarbonate,20.475183996286056,0.017929774040681586,276.754131009721,14262.950724067672,61.66355990030539,21.330598455017906,53.36542689868356,83.76884056972102,23.366703102570927,0.0
Polycarbonate,9.94477180433321,0.013964041342250245,263.6825932475403,17031.787168457122,88.43439104703639,14.095119708352723,46.66032428737122,100.62219142756676,16.1119789601193,0.0
Polypropylene,7.856830256241455,0.08255362345837794,243.54904142940163,18844.823500863247,70.79468537026018,21.27164408777926,41.255690585758444,99.47097499847183,33.59374006252146,7.446069711523947
ABS,24.28406527144043,0.02284153052096284,296.8252504862021,10583.587551999717,66.39730212797411,23.591893439532758,59.18154100503743,111.96612070953105,25.18355946215987,0.0
Polypropylene,29.042566832170888,0.0374092897851282,270.49267634011807,15957.457898359073,103.21891637269705,29.38565657954418,52.782074571754414,94.10622697791881,39.69008991692143,0.0
Polycarbonate,6.0030017808911715,0.0918232304925844,240.27398095533164,10117.774704192887,75.44900708823234,25.744577656220482,46.5244609549323,121.51004208589569,38.207214295826084,9.550861018684
Polycarbonate,8.774944772539058,0.030492525983616684,221.92219174406432,13518.165423134593,82.69132311425487,26.978681101672695,53.54328085104392,107.2098473044403,40.44441568610488,3.2103122566348206
ABS,18.115153684299898,0.00892696954399208,208.35986242451222,16808.83162952642,89.00587429450955,28.721473854429018,49.087149135151186,116.12216678508108,37.40967530949207,0.0
Polypropylene,9.994421869461043,0.04574963646455565,266.3082556744798,19132.620645413568,46.480137171093965,32.83521791274269,36.23347491884247,91.34577847073648,46.393242853339096,4.328723046994563
ABS,18.91365679602642,0.038007642566044136,274.68353130995087,10276.526979193033,104.38547848479175,21.81901211912222,56.66591886293054,131.06535474489883,30.740561558890562,0.0
ABS,23.007318598778085,0.09996173186375679,230.54049681800328,10260.86673725232,79.29194347133657,28.338128043821765,43.03172406350135,107.07514961041106,43.74738901163969,5.923778188812339
Polycarbonate,14.919691883592435,0.07413148274161546,256.59032681013815,13003.710905477135,70.21428948727295,29.21732482175034,52.03488367259721,95.36203085555249,42.57103711395944,4.774712324248962
Polycarbonate,16.42970157844299,0.049591256527053214,243.30557599543616,16950.551186345758,46.61191637118983,26.600685601010323,60.22277149854385,131.89471063590094,31.49228767461087,1.468292789638175
Polycarbonate,14.157944757155217,0.004101398842142348,239.73676821128518,16013.36427656069,77.52051671138013,18.491036138896142,55.250698556645006,124.1521545755547,24.05358994024151,0.0
Polycarbonate,10.127026286564973,0.013653765774371374,237.9178950541175,16596.734928472182,65.57170026299801,32.53866730664198,58.50394595939139,131.01955263208174,39.66403357241044,0.6108649263119188
Polycarbonate,20.34615874382107,0.07798557087492697,262.3731019528041,13914.188740187055,71.96947367859583,25.641495825924068,54.321144248307846,91.15253330219787,35.63066236023062,2.8129586506409776
Polycarbonate,14.465909966349386,0.08560449433428323,190.1861295682308,12548.419401574702,75.33770348041135,30.145956303852074,44.70236518415707,98.37408646664358,46.91202203620088,9.611315500847617
ABS,27.13767509453714,0.04934858554239367,234.6143260585924,18115.304776263078,113.55462192694648,20.619058802287878,46.56599487210012,127.8026296681236,28.126073347712506,0.0
Polycarbonate,11.859188881797735,0.0801967279155308,240.42411601598963,12407.59339770511,70.5755337123619,20.08435588903962,23.758079857444834,93.10169854019514,28.183066273932784,4.538516939780368
Polycarbonate,8.22336194649594,0.07686486017169906,256.26792247779673,15989.956653601781,68.9927452738106,24.638731241715252,47.192752609144684,64.50975311321329,33.94556780895701,6.288347670562775
Polycarbonate,18.83343833092034,0.034869108899384334,238.67156569907291,15924.370942957383,60.35266094225062,19.423182546755047,57.30585380008609,109.64047470810436,21.463760104354815,0.0
Polycarbonate,7.850615190822145,0.0664113914587919,272.1679301133255,11470.656088513857,110.18236901471195,29.153486781402023,68.73670560484294,66.24185754714668,44.0975548889393,8.319024028959262
Polycarbonate,19.504288933091292,0.07040235255383075,223.97152262576702,11880.777373414676,131.35473205997192,26.10645208778768,53.85801686294972,107.8024463445395,40.36990529713423,2.5595420239563182
ABS,28.77671039210392,0.07397735025010434,308.8841444406451,19680.72832082254,80.16730874038221,19.118341805959357,31.004399821204515,111.80653826051552,22.0587201325097,0.0
ABS,15.592617871821433,0.03921327958451479,281.61250415218734,11519.420849155937,104.95068334666543,20.071843231055198,41.60838865391967,114.47525424137586,28.878393607396017,0.0
Polycarbonate,26.104122606194515,0.05388190518491269,272.2617554667992,13405.415698414408,54.89678133143135,27.25995480878634,45.434789101625825,96.68958686023,32.2231790336141,0.0
ABS,11.723047058306289,0.055958787989741236,218.81172012346744,12126.813085072929,80.39553938810336,25.668474970778362,49.60756856240083,70.85357703096804,39.5317849726794,5.65754511999911
ABS,24.889752440678503,0.03939554179285064,209.22878527493674,15047.872612501935,97.37260242227542,22.357957074874648,66.99594060619941,77.45634620855937,32.250943801425265,0.49790686081209534
Polycarbonate,29.90820145278337,0.08637123565002322,285.7299881917693,18250.314028444598,74.72826733890687,22.200025777364992,48.34269869381106,96.79823600106245,27.798454392337145,0.5411986881508244
Polycarbonate,11.920935704453951,0.07904599396612612,192.07720120212647,16460.964292036682,77.46061975192214,20.282916470861586,40.97353312403382,129.78756534667576,30.664482907588013,6.837734005052526
ABS,15.499280389287538,0.079880980038059,271.1616819845272,13424.468883483712,72.99623343730802,22.22312512273913,61.665789358138056,101.75541818319657,33.820957404906935,5.932473902914909
ABS,12.992407656307432,0.05261753414852189,231.25866425266437,16285.068354886747,68.51268414288876,31.41111308455632,64.93474129323081,89.39694404005222,46.35431698140223,5.932568325648049
ABS,5.139022891368329,0.0966597501136411,217.26529778279502,16213.116374120018,85.209726639314,29.529122761190482,38.08937313599511,99.52809730182612,45.85124862014447,10.917196053315173
Polypropylene,29.510622631877116,0.03108387053450643,214.62543394194924,13156.861736932702,78.2448891510224,25.862760289946333,50.51859841110638,70.85239279405764,37.70748396561658,0.0
Polycarbonate,12.195064797012002,0.021787435352625145,255.1744484843986,10747.332524071884,56.79369725520744,29.91063203925424,50.623871208172986,128.62616153027926,35.39794096312489,0.5286577976860544
Polycarbonate,11.482804766931245,0.09068597776846228,255.76928781610258,12497.05173063347,75.89815696108836,25.82261079465918,59.92555852954831,65.76560563352308,38.798194115809366,8.12594699585513
Polypropylene,21.683318574406353,0.08476474522456137,263.6507684964976,15764.353375927418,94.31334126429381,19.037275788265788,51.017432113042304,83.13935259107818,31.009819621184754,3.5483690338700384
Polycarbonate,11.485657400426614,0.04560809846440107,222.02024755490805,12822.876699989258,36.943637498008606,19.79611536521587,51.501145538694,123.01563737714216,21.298509187973032,2.7177525710889068
Polycarbonate,20.22947819651395,0.023001299526755527,242.1854676352149,17839.916201321095,44.35186153388236,20.861326974204275,44.03396711526558,91.9407491272078,22.433829327330027,0.0
Polypropylene,16.619886039775967,0.06771557265280359,230.52396383150804,15199.523214600707,79.73552552483194,18.805182505026306,52.76311475406696,103.47432842051188,30.517798739285247,3.7385683357177193
Polycarbonate,11.07615724990265,0.08401939381427188,224.54868522871675,16779.65318329759,108.64038221959271,28.612520807601395,59.88579396424853,124.75138512855185,43.19686157812681,7.402826868283405
Polycarbonate,26.755737140055416,0.08421217271507592,214.89670314933778,10442.043707995175,45.72822060527537,18.11826709757541,77.82607763889476,103.95845850350379,26.50872608530967,4.277816793547625
Polycarbonate,20.894865350195097,0.040118416605345,229.41502044791596,18064.392512864437,58.36777791752843,33.334517877267814,40.19445713470214,121.22958570436984,39.392748536577656,0.0
ABS,27.154473768657617,0.08625471520901959,236.70193488985382,12776.086189462649,65.74353215203884,28.46677516906874,45.271607663008595,105.33888547395426,41.64343635933926,3.0942236643531986
Polypropylene,6.896595315553815,0.03554754692548992,277.4493068098607,12180.935657532647,86.64050751316431,32.25823636431467,50.38882834066641,115.37617330889128,47.10338139240981,5.57050436735847
Polycarbonate,21.083578007283876,0.0739627094143287,263.37301776608325,17694.211357770924,54.35555193238611,23.405337029201633,45.502500818939204,132.90965650612577,28.53749969897033,1.1564288457516858
ABS,17.450542135012547,0.0961076444501251,269.7698828932843,10437.237857494825,71.37726993587427,17.222652076624655,57.934164368434544,112.88957584233103,28.31577884884171,5.690344845283513
Polycarbonate,15.343480862013324,0.03483403309200529,254.43426267911838,16824.644076101475,80.78113907213225,27.635448618624935,64.23819037960513,81.46353674138487,34.23287521210241,1.3635114499354686
ABS,22.436646157399434,0.062015038992142356,258.3369968275082,12338.54615754097,77.18608378041068,27.888908204121783,32.41850659743285,122.920447629796,39.64237223026109,0.08488325542540454
ABS,6.849907956405356,0.019112956377365497,222.98487913273584,10574.230832365629,73.32690314607885,31.539339929172716,52.90054308218935,86.24745611259962,46.89720168387791,4.342152188381277
Polycarbonate,28.233474897389687,0.06501399553352229,241.42831661782412,19157.879221680105,52.88897918553211,29.808990600983993,37.01871315290662,107.91953440266545,34.408827640870086,0.0
Polycarbonate,21.402199486995027,0.05519222540661889,242.7460624681206,18648.46213614056,58.08494211866176,21.92067187761773,51.98893252311415,122.47196360898343,23.902338954468945,0.0
Polycarbonate,29.31153985680137,0.06252618368175494,305.72344040305114,12863.566743633271,63.080667147279925,26.931533356637424,45.401730570128436,97.81400130458515,32.2213361750922,0.8301971139198231
Polycarbonate,23.421421515444464,0.06998039155306747,260.99853333344106,19807.134491807745,87.02941679612391,23.130387508732795,46.439924261200886,69.73165436618876,27.966125802790096,0.0
Polycarbonate,27.057074979397246,0.0204541706801597,252.49349798511324,12936.57396083712,72.5758958656848,28.364477270027276,44.39075341282766,131.4588995843802,34.171668139642016,0.0
ABS,20.14086002688243,0.08883933551798075,258.4999275056096,15086.874035596138,84.97749348727584,29.262564699737307,43.22656838694864,88.64867523001963,44.32118398168471,5.06859783468167
Polypropylene,11.732387743983992,0.06843386881800326,308.27522674234797,13659.114160287278,75.7884163377588,24.164356667395573,42.91832631596337,75.59572259039919,36.25210874515493,8.191249944211439
Polypropylene,25.6387696265196,0.08468310335852611,265.0107850275683,14560.273332755227,98.03640375510832,31.131368670536006,70.8599184564236,107.39822740810385,44.87684682389183,5.355115329043744
Polycarbonate,22.744788663036147,0.04953118581284119,182.76035145210813,12684.743665378084,94.69747285507323,31.207422805036845,57.16560255319261,82.87069794082005,43.19808519742414,5.283031805896192
Polypropylene,14.735640718864449,0.06183122423107043,248.14801978801276,12869.301016176481,78.19074837910559,21.17797266017375,43.794777551845854,95.98420538131951,33.44010044978527,3.7643908794787753
Polycarbonate,29.449117681412073,0.01782343066667908,208.21895277096368,13818.798527185354,63.565437953762654,12.868154349700571,55.95210268912291,100.64000102560823,10.843132076818724,0.0
Polycarbonate,17.427621917622105,0.014887396313311301,279.26939641728006,15033.732462833457,57.93093525555291,21.482176895230445,39.20257968599009,121.64238768980657,21.306667154376814,0.0
Polycarbonate,7.142338023331875,0.02715255041463254,251.1516629710746,15735.601357627696,125.97187922549314,18.267290521882416,50.78735416692785,124.64798919324065,27.846471061796436,0.0
Polycarbonate,29.127909015823853,0.08669155966312363,253.46763956078158,15939.912461992459,96.2983521913185,24.12122060854065,55.41574284851048,96.6109079272922,35.35371332986044,0.5176329006869818
Polypropylene,12.525153091751557,0.09826743248395411,230.13427099602595,12077.077829664002,22.88305820024771,22.650865333408454,59.54047583788571,94.44828835850434,33.96178674790073,10.23259590668612
Polycarbonate,21.066670155379295,0.07976926309104755,254.3034309179165,19422.301021574953,85.11212900606932,22.684920976251348,50.305095456846686,114.14738321449737,29.140364418074878,1.3123503977418591
Polycarbonate,14.579607073422954,0.021323545602662725,283.29650011862185,16500.852451458373,40.932260591895464,16.874703672565836,58.56770194279827,81.29686471616378,17.941662377659753,0.0
ABS,6.783904241799777,0.023422585803019542,287.2933659539981,10505.810900900036,96.65426929451553,26.884953321598964,46.98098490614837,98.95504281065998,40.48763395789379,2.962169885308089
ABS,18.987675469515025,0.007547842675660675,207.93278112409007,18020.61547549719,107.56748912155666,24.93632382039897,45.21407841632336,101.0893196335272,34.70369778432206,0.0
Polycarbonate,20.270458244590905,0.05192646127445333,226.8389782016283,19563.92666737969,63.12698818524848,26.061275693330096,66.90460884863461,130.98728195616232,33.566239853612636,1.863186162689328
ABS,18.682835744133435,0.02047255229279846,222.25200740263705,18759.155446311284,65.11962095741671,22.021560018783248,44.05331416276872,112.09975442828544,26.90671710984277,0.0
Polypropylene,24.139062440605464,0.06471359186191786,251.4811006532633,11673.468153718832,74.60434377092804,19.737621447909127,44.54250012706609,102.10600500920825,28.589117990102636,1.005599531601629
Polycarbonate,29.651060032503587,0.025025577440760914,261.0706413548704,11342.427192784498,84.89200795247672,24.63549111658245,65.14817372219694,56.81065259046808,31.090249981599207,0.0
Polypropylene,20.165003957550006,0.08048112616708096,288.50832628987564,17298.063124952027,78.95060159794492,26.9020904090585,56.429506088491145,89.3449092005232,40.82048617439055,5.242382952769363
Polycarbonate,8.38689517836428,0.05079659539211396,221.16696207162695,14142.86161128335,99.20172344622097,27.577760236707228,55.56991420364877,65.60616164481534,41.04209872683224,5.216968900426351
ABS,18.032869941549308,0.055525915270351944,246.92877779143998,13498.728186867756,122.77095197070771,30.995041094744373,56.9583988317283,131.1008221572037,48.46781833404094,1.6790935398369498
Polycarbonate,27.740590721158217,0.0298942801341109,244.10409687155823,17443.68498476818,107.83436616649011,24.99424168157461,38.925524117962276,117.75530522635856,32.234378487419384,0.0
Polycarbonate,15.357417781129255,0.09142291527575731,219.29805045040973,13756.239141155198,71.12511962160836,20.98991012317881,38.12237238029274,78.85938661725967,32.71430572946978,5.969529605403981
Polycarbonate,7.238827940545268,0.0386431279959452,236.1932829090237,14854.130638262255,56.89890547862269,23.566481521781625,43.705135828470596,104.68969104286846,30.739296832846325,2.1374360601124662
Polycarbonate,17.51596814403492,0.023940249519682807,236.47447170957562,13130.82152062232,62.572180649463725,24.874213616938906,48.32786624549645,69.61482273659296,32.315997225162484,0.0
Polycarbonate,23.274110316147006,0.0892054965863789,235.52104902435198,11752.148114602238,77.00527840633153,17.61570097343943,54.8299067071649,99.02190449060221,24.30102711446038,2.566505918219588
Polycarbonate,16.07143641171416,0.05876229345671732,258.57022766929856,19452.469994472765,61.727787897071494,24.20263168837248,43.13683936976531,99.06567156131254,26.19643732612059,0.8540022974164239
Polycarbonate,11.537218592950028,0.06050314399856032,224.46122069342204,12534.640849207306,99.43007367074593,24.687011728177797,64.99502759769231,134.0269359434589,36.273691656007685,5.2300157286021225
Polypropylene,13.824814159417127,0.07473372973097268,281.7613045158838,14759.025436718028,93.60508932184383,24.714526473761154,63.64366973849512,70.86489590555851,41.04303355480623,7.848270756657742
Polypropylene,25.141491449871253,0.023663270476023072,283.79268857971584,14223.058321171688,87.1764119557884,19.139170534620195,60.97845845622555,113.63564021021207,21.65951363816881,0.0
Polypropylene,29.8003145315213,0.05625134559344759,255.04500999315883,10407.307824481246,63.003295911630374,22.705807160147753,72.54932986746242,98.89218515147968,31.395763281021548,1.2504557746785723
Polycarbonate,23.06296478618116,0.010454172750200677,233.92424446406244,10676.345470525193,52.63979634790783,26.829884440686037,61.87353594123882,85.45877878439947,31.311507274961272,0.0
Polycarbonate,18.225743842480792,0.017836036799929973,294.0375684906963,11292.54307449101,52.27295177823467,19.112782655620826,59.445323632022394,130.63503367911235,18.418330275097567,0.0
Polycarbonate,28.969196305466447,0.02502012027387285,243.96138414407852,12758.650075972017,97.34252572020847,22.67183361158474,53.83106313816382,92.0959907023528,26.284063991429193,0.0
Polypropylene,24.80658819273659,0.013549650941734267,343.4803365178873,12600.605248128039,45.207933347704056,18.953563735696683,59.54780067735953,120.36069795449073,15.60117636152372,2.0240649215864392
ABS,10.890056099792194,0.031468227760694585,208.22407439101113,15415.381502424236,88.19901095443163,18.203840045401904,47.86297128139311,118.80210045390909,28.00236105994114,2.5784993033787167
ABS,25.38142028946273,0.004461372514104363,238.0673708677543,16257.482471900097,108.08429224562416,24.507545526985297,53.23559810545752,80.9796279280761,33.002027167688844,0.0
ABS,27.563009792648376,0.07976471736514994,272.19610280794336,13276.550812936635,55.17723994381872,27.13098669590177,40.015361570690565,120.69273727577607,33.51643362582666,1.7004589354926152
Polycarbonate,7.468019572437155,0.08597632045390738,213.14481263842413,13762.799892702253,62.22829179019971,26.64670592473694,32.968079572524175,85.51573426465663,41.883126080501995,8.874804383104703
Polypropylene,15.299396998730536,0.05150136450688804,247.45995035333968,14175.652829325263,87.59740150392648,27.976567180578897,57.245919698092365,94.4717494671843,42.61288161162343,3.682031879103008
ABS,5.19439217156613,0.02190129516407092,247.60157598086766,11570.280585016373,72.65476009380652,27.606850565468257,53.398737402352886,102.40282368545931,38.74993433097516,3.269279220369456
Polycarbonate,18.83881768373026,0.029367119941775995,292.66742916096047,13819.054328025442,88.87715891055969,26.585883344817702,58.28624635225388,131.24485527202157,32.15672868270495,0.0
Polycarbonate,25.540008365965733,0.08144012395209063,225.28082380924712,12833.778071261348,65.43903092296952,19.05824631297122,43.953461173862145,84.08555417567545,27.144514814922974,1.912719735686047
Polycarbonate,11.822489478389915,0.09281247031583457,231.46762219649588,17979.52577283544,64.96020581244204,30.735302801741106,53.73816417818226,108.10187644022199,41.18653176943038,8.074330809560522
Polycarbonate,26.965737651402414,0.054060491321776385,264.55287184524605,16280.266983015796,86.22309281702334,23.988123705124032,68.57009282046401,96.0392971175567,27.866629302931667,0.0
Polypropylene,29.00977655867493,0.055195371623244054,257.0208413434471,14623.274033314421,87.06987357475309,26.264705197321543,47.787383367130225,103.96431632580581,36.289884339025875,0.0
Polycarbonate,24.180612711481267,0.06783784811637973,267.66417248454974,13805.991379368279,47.40590558274347,25.242097408397708,71.63573136678167,114.06600126921509,32.48305758482667,2.778285354362896
ABS,16.948795734957244,0.06594485472721606,255.42052371875857,11797.982793123916,84.54916500339684,25.752907397974813,36.69305144329613,76.75306002175421,39.608062603560334,3.3851655894328476
Polypropylene,10.824740081992777,0.06058465330549588,234.4686026890015,19410.934242215866,77.92468738553089,29.87653198529868,45.63573411724226,106.62900879242842,44.037123345920406,5.35111727348432
Polycarbonate,20.35554676074809,0.011750633868173457,242.30746809043427,10944.288654715532,66.87204283678845,24.536253510328688,47.934644549168695,114.88365613272099,28.562302897331627,0.0
Polypropylene,14.096324499522728,0.001530972090155539,238.73137085485172,15745.58092973585,93.69339556658969,22.781715225543323,51.500888908213646,68.207744411378,31.59825257753985,0.0
ABS,12.639902178090285,0.06606399606276667,251.14252763493363,18167.906361174544,104.07041251123947,23.769031113536904,43.26528008518132,116.06311496005466,35.16473283536312,3.2002380165314617
Polycarbonate,14.885734054359657,0.09397156521286146,276.2608716956206,15324.436984862925,93.74177030805647,25.80274073573207,30.932847673734834,136.01795414698455,35.71036584636449,4.810946906150634
Polycarbonate,5.327868432899122,0.02444682531392249,242.18808640309535,19261.60198162043,69.38460804838823,27.029368073062464,61.60804828671912,108.36426582983322,34.19958204021607,3.154442500997481
Polycarbonate,8.147248446573395,0.0716902775421039,266.51820074074345,15931.675846345173,82.54290668485072,24.64810089347568,66.40232874027093,79.14128266282027,34.19994634758399,7.4592971831534625
ABS,12.904033422621984,0.04401112382472539,239.1215341092765,11410.319928853514,84.70122472221185,30.720754251946243,40.26426739922258,102.8412454705369,44.20019922301401,3.0666039032522243
Polypropylene,25.272139168830012,0.038289707871383166,244.0838084617036,14898.63343865675,104.5524735911112,15.937679370050537,50.14201907447725,122.01662590501068,22.63542320751137,0.0
Polycarbonate,25.271784935335504,0.034129639843857126,249.98945476280187,10248.020469914623,63.995624842518616,22.70396747110158,56.47448198393825,95.75173805572989,27.774579116870104,0.0
Polycarbonate,8.080795384114554,0.07083894626718658,207.50254582495313,10941.182349927034,58.829859415064064,22.66346007730622,48.2840486039331,123.24254728345565,32.570707288398935,7.756415583221898
ABS,11.097765834337077,0.05096830534591019,273.7431181775476,19471.30912541153,47.44087824840566,25.979646381447882,31.990447830059683,80.35803869159584,34.96789114950593,2.791734891368508
ABS,28.918243732036302,0.09696135843364997,242.2856950346648,16057.538891273849,82.64874364730976,23.978335642811142,59.678560543118806,82.52129653944883,34.60703643500116,3.241503853360905
Polycarbonate,26.7507221983846,0.07953474503364741,295.32962792100744,10469.396442944297,91.10321858853787,24.264384869232526,47.0732909136349,116.50337298743135,33.32539460483893,1.4495245922037407
Polypropylene,21.145240448486387,0.04654073342222393,195.01424809881257,16349.723098298482,77.93954763768511,21.649359970152826,42.7611956587994,98.1719516086352,30.846621006430254,2.9797329527879333
Polycarbonate,17.033043931133275,0.05522542180085774,257.9272325269295,15120.903077966308,72.41523422798275,24.178708083369116,33.74684166604451,74.36262180337144,33.6168772692006,1.0553339345283477
ABS,5.080340636374237,0.06978036184094846,229.90719457637175,16411.938475317533,114.98100590978038,20.828888099601528,41.367712415077605,99.60738746131649,35.44601743990867,5.673093451281425
Polycarbonate,13.395775043012488,0.06535164788209463,206.97499708267833,15228.267446866106,74.08757542767961,19.317286420409275,43.32380689071613,49.73908583976433,30.35684367062888,5.074250502673148
ABS,23.09486004475871,0.01714713311078631,267.3591489678595,14641.410115276502,123.61579655350641,23.39193376123425,30.136773513061573,82.5551366975053,32.63379997654589,0.0
Polypropylene,19.08583975764305,0.09865825877837607,275.5961497512219,11472.218562180084,93.43533465321335,23.263254838568198,46.970208411174475,117.26322094744955,38.67934326983827,5.495979408423696
ABS,11.954553040600011,0.08297231483075611,246.24647607928696,18456.174101877783,71.91092875485187,19.1176692249848,27.762582636967274,99.33173734445752,31.525875457903975,3.7848303066597664
Polycarbonate,19.1081329869458,0.09316332784914266,241.31980495370573,11757.985120017362,89.09890741769313,24.10652616689693,30.307009735700092,141.97269837241348,35.58347511133411,3.375723775354638
Polycarbonate,19.583171545752982,0.05335373610911024,228.02345571433014,14134.701989087182,98.44223910196885,26.73410204386302,35.49656364621192,118.38594196244706,37.318233115403196,0.316440375006756
ABS,22.721836323741254,0.07257017299451565,238.3729840410118,13973.02843697674,91.41167911257658,20.571527621653324,53.566147496892974,76.17223717351779,31.22099428761106,2.058210080250448
Polycarbonate,7.6752500519887175,0.025386347246364276,196.17613480460946,16445.9166899605,86.76183631167385,32.8602775745651,45.886788518776555,72.83665279833762,47.80449065513238,5.322003335924381
Polycarbonate,12.970370859708447,0.006785245771575307,252.975233088287,13050.109567449035,111.28673179731415,20.975529855261044,32.98470043906841,110.66135121339593,28.028087464324354,0.0
ABS,20.391493951255462,0.08510744115318143,253.21238620917526,14614.274533866434,57.00630554693064,24.73041083565428,48.82876265817687,131.77959638608758,32.77885336221302,3.8577486369975498
Polycarbonate,20.3594576298197,0.022516514498076574,231.00784924808804,16586.943266027087,57.986756577449874,19.354842628922945,55.0933347009195,85.4673019031379,18.99482650864132,0.0
Polycarbonate,16.209873010959114,0.07936905283440367,253.25053687591807,14545.161159807229,76.53176678473099,24.5893017898195,53.98124904194717,92.00180830170757,34.375074644817474,4.633615243996742
Polycarbonate,7.835703843765722,0.008687799562425182,233.46768924554405,17573.314674519548,71.98158176281883,21.388170541557315,55.45122370745243,124.67612436931807,29.10530032344861,0.0
Polycarbonate,16.349240900165334,0.08747073523565525,235.07674313998336,14359.91039783403,98.56682179837034,22.447319105478382,45.345043012137054,82.77559217933833,36.02934421886982,4.752705539183358
Polycarbonate,28.910968292711292,0.09030489199228822,254.13038146538398,17688.36220827384,95.43639717749211,26.815576329712123,42.8098040357026,136.12405106503604,36.27842109288361,0.12449055073682998
Polycarbonate,10.74409305823434,0.0513804519327987,267.09446103664277,13200.139216765989,75.81335080859544,20.281769181678307,52.439310990958646,92.56643944298943,27.261573616179682,2.6832867948366435
ABS,22.016456437851822,0.022956401076474557,246.52190669740597,10018.381848043675,63.58037861668511,25.460336782892295,42.657720515453605,90.60471793220607,34.38817557016986,0.0
ABS,8.953665197249991,0.02941633869125642,291.74572171247,11454.748739973365,65.15479485608469,20.20407458353117,57.66633208213009,88.49902061604011,25.937113871051665,3.536805087565989
Polycarbonate,21.156368792570447,0.09702942150712922,243.7727783455542,12724.03579223208,95.77956600739365,29.63691362512448,63.59679975003463,104.7506386055587,45.01443308489468,6.493471874082915
Polycarbonate,15.184186350649918,0.0044132557912715566,248.04874722560714,11533.022503345615,117.73936638731888,25.03017557821409,28.176694043664007,58.1582508138137,35.46869893514173,0.0
Polycarbonate,11.256218355865395,0.09154858796629795,238.42808384825454,17757.471702776304,64.31231148437348,28.135768576855035,59.03473357017394,63.025384625757596,42.67492796392616,8.105291312696728
